edge_tail,edge_head,length,capacity,speed
3,0,172,14783,56
2,1,9,14783,56
8,1,121,5279,40
0,2,51,10559,40
1,2,9,5279,40
5,3,87,8447,56
6,3,370,22175,56
0,4,229,7391,56
1,4,246,14783,56
36,4,768,16895,56
4,5,29,29567,56
13,6,616,22175,56
2,7,118,10559,40
7,8,10,5279,40
10,8,67,15839,40
7,9,69,10559,40
10,9,13,5279,40
11,9,203,5279,40
9,10,13,5279,40
42,10,886,15839,40
9,11,203,5279,40
12,11,45,5279,40
11,12,45,5279,40
16,12,78,5279,40
14,13,29,5279,40
15,13,222,22175,56
5,14,903,29567,56
13,14,29,5279,40
33,14,407,5279,40
35,14,339,5279,40
38,14,401,5279,40
17,15,27,5279,40
21,15,577,5279,40
23,15,897,22175,56
12,16,78,5279,40
18,16,62,5279,40
20,16,115,5279,40
14,17,213,29567,56
15,17,27,5279,40
19,17,54,5279,40
16,18,62,5279,40
22,18,64,5279,40
17,19,54,5279,40
25,19,123,5279,40
36,20,267,5279,40
53,20,391,5279,40
54,20,405,5279,40
17,21,586,29567,56
47,21,289,5279,40
18,22,64,5279,40
40,22,268,5279,40
26,23,72,5279,40
27,23,516,22175,56
28,23,437,5279,40
21,24,320,29567,56
23,24,20,5279,40
19,25,123,5279,40
35,25,168,5279,40
24,26,70,29567,56
51,26,340,5279,40
31,27,998,5279,40
37,27,1409,22175,56
26,28,368,29567,56
62,28,295,5279,40
27,29,17,5279,40
28,29,79,29567,56
8,30,904,5279,40
29,31,999,29567,56
34,31,64,5279,40
3,32,753,16895,64
20,32,193,8447,64
30,33,81,5279,40
49,33,154,5279,40
44,34,343,5279,40
48,34,330,5279,40
25,35,168,5279,40
39,35,64,5279,40
142,36,1062,8447,64
205,36,1264,8447,64
43,37,83,5279,40
45,37,880,22175,56
58,37,643,5279,40
33,38,137,5279,40
61,38,160,5279,40
59,39,124,5279,40
69,39,524,5279,40
80,39,523,5279,40
22,40,268,5279,40
78,40,317,5279,40
31,41,406,29567,56
37,41,19,7391,56
30,42,148,5279,40
49,42,79,15839,40
41,43,91,22175,56
56,43,79,5279,40
41,44,14,7391,56
46,45,20,5279,40
67,45,479,22175,56
45,46,20,5279,40
52,46,46,5279,40
58,46,240,22175,56
39,47,664,5279,40
44,48,36,7391,56
81,48,271,5279,40
55,49,48,5279,40
61,49,139,21119,40
24,50,312,5279,40
47,50,186,5279,40
50,51,11,5279,40
60,51,49,15839,40
46,52,46,5279,40
65,52,83,5279,40
32,53,207,8447,64
53,54,30,8447,64
75,54,163,5279,40
89,55,258,5279,40
44,56,88,5279,40
48,56,88,5279,40
88,56,271,5279,40
43,57,514,22175,56
57,58,47,22175,56
63,58,96,5279,40
38,59,212,5279,40
68,60,88,15839,40
108,61,737,5279,40
51,62,560,5279,40
82,62,151,5279,40
66,63,10,5279,40
71,63,79,5279,40
29,64,298,5279,40
62,64,81,5279,40
52,65,83,5279,40
71,65,37,5279,40
57,66,140,5279,40
63,66,10,5279,40
94,66,268,5279,40
87,67,321,22175,56
50,68,131,5279,40
74,68,53,31679,40
73,69,153,5279,40
46,70,478,22175,56
67,70,22,5279,40
65,71,37,5279,40
66,71,79,5279,40
98,71,472,5279,40
69,72,21,5279,40
74,73,83,5279,40
68,74,53,31679,40
76,74,138,5279,40
83,74,117,31679,40
54,75,163,5279,40
92,75,169,5279,40
79,76,68,5279,40
91,76,113,5279,40
42,77,226,5279,40
55,77,144,5279,40
40,78,317,5279,40
92,78,146,5279,40
95,78,219,5279,40
82,79,468,5279,40
72,80,75,5279,40
48,81,271,5279,40
86,81,22,5279,40
64,82,171,5279,40
104,82,211,5279,40
126,82,953,5279,40
73,83,94,5279,40
74,83,117,31679,40
84,83,133,5279,40
93,83,76,31679,40
72,84,104,5279,40
85,84,86,5279,40
59,85,529,5279,40
80,85,46,5279,40
81,86,22,5279,40
88,86,91,5279,40
106,86,243,5279,40
90,87,22,5279,40
123,87,638,22175,56
122,88,615,5279,40
96,89,98,5279,40
70,90,320,29567,56
87,90,22,5279,40
107,90,214,5279,40
83,91,203,5279,40
102,91,156,5279,40
75,92,169,5279,40
78,92,146,5279,40
97,92,97,5279,40
83,93,76,31679,40
84,93,95,5279,40
117,93,318,31679,40
56,94,616,5279,40
66,94,268,5279,40
122,94,270,5279,40
78,95,219,5279,40
110,95,203,5279,40
100,96,67,5279,40
92,97,97,5279,40
143,97,393,5279,40
70,98,269,5279,40
116,98,320,5279,40
93,99,133,5279,40
102,99,122,5279,40
96,100,67,5279,40
129,100,525,5279,40
77,101,284,5279,40
119,101,177,5279,40
99,102,122,5279,40
131,102,325,5279,40
149,102,313,5279,40
91,103,536,5279,40
103,104,14,5279,40
112,104,38,10559,40
64,105,1155,5279,40
111,105,79,5279,40
86,106,243,5279,40
105,106,45,5279,40
109,106,8,5279,40
90,107,214,5279,40
116,107,52,5279,40
85,108,262,5279,40
117,108,101,5279,40
105,109,44,5279,40
106,109,8,5279,40
153,109,274,5279,40
95,110,203,5279,40
119,110,101,5279,40
126,111,266,5279,40
148,112,254,5279,40
32,113,800,25343,64
109,114,45,5279,40
90,115,477,29567,56
162,115,271,5279,40
107,116,52,5279,40
118,116,34,5279,40
127,116,164,5279,40
93,117,318,31679,40
135,117,189,5279,40
137,117,157,31679,40
116,118,34,5279,40
163,118,243,31679,40
101,119,177,5279,40
110,119,101,5279,40
120,119,15,5279,40
144,119,207,8447,64
119,120,15,5279,40
124,120,57,5279,40
114,121,154,5279,40
94,122,270,5279,40
169,122,270,5279,40
179,122,558,5279,40
128,123,25,5279,40
167,123,334,29567,56
120,124,57,5279,40
125,124,17,5279,40
124,125,17,5279,40
132,125,44,5279,40
159,125,211,5279,40
160,125,242,8447,40
111,126,266,5279,40
145,126,228,5279,40
153,126,250,5279,40
116,127,164,5279,40
133,127,53,5279,40
115,128,162,29567,56
123,128,25,5279,40
140,128,58,5279,40
108,129,152,5279,40
137,129,67,5279,40
94,130,556,5279,40
98,130,275,5279,40
102,131,325,5279,40
146,131,147,5279,40
125,132,44,5279,40
139,132,63,5279,40
127,133,53,5279,40
136,133,23,5279,40
130,134,29,5279,40
99,135,313,5279,40
149,135,125,5279,40
133,136,23,5279,40
150,136,156,5279,40
188,136,276,5279,40
117,137,157,31679,40
147,137,66,31679,40
164,137,218,5279,40
121,138,146,5279,40
132,139,63,5279,40
151,139,106,5279,40
128,140,58,5279,40
175,140,204,5279,40
100,141,523,5279,40
129,141,69,5279,40
124,142,126,5279,40
97,143,393,5279,40
119,143,220,5279,40
157,143,72,5279,40
113,144,269,8447,64
126,145,228,5279,40
155,145,119,5279,40
103,146,289,5279,40
131,146,147,5279,40
148,146,15,5279,40
137,147,66,31679,40
141,147,51,5279,40
168,147,152,31679,40
146,148,15,5279,40
209,148,314,5279,40
178,149,161,5279,40
207,149,474,5279,40
136,150,156,5279,40
162,150,77,5279,40
139,151,106,5279,40
176,151,204,5279,40
289,151,607,5279,40
134,152,85,5279,40
156,152,48,5279,40
109,153,274,5279,40
206,153,274,5279,40
221,153,704,5279,40
138,154,150,5279,40
104,155,651,5279,40
112,155,648,5279,40
145,155,119,5279,40
158,156,7,5279,40
182,156,282,16895,64
211,156,406,8447,64
142,157,120,5279,40
143,157,72,5279,40
165,157,46,5279,40
152,158,48,5279,40
183,158,171,5279,40
190,158,161,5279,40
161,159,10,5279,40
205,160,216,8447,64
159,161,10,5279,40
165,161,31,5279,40
185,161,123,5279,40
115,162,271,5279,40
150,162,77,5279,40
175,162,165,5279,40
118,163,243,31679,40
130,163,318,5279,40
156,163,261,5279,40
174,163,66,31679,40
135,164,161,5279,40
178,164,134,5279,40
157,165,46,5279,40
161,165,31,5279,40
185,165,109,5279,40
154,166,160,5279,40
201,167,236,5279,40
203,167,313,29567,56
141,168,153,5279,40
147,168,152,31679,40
189,168,77,31679,40
122,169,270,5279,40
166,169,45,5279,40
173,169,8,5279,40
147,170,230,5279,40
164,170,53,5279,40
176,171,32,5279,40
180,171,53,5279,40
128,172,333,29567,56
167,172,21,5279,40
202,172,212,5279,40
166,173,44,5279,40
169,173,8,5279,40
218,173,232,5279,40
163,174,66,31679,40
181,174,37,31679,40
140,175,204,5279,40
197,175,164,5279,40
200,175,106,5279,40
151,176,204,5279,40
171,176,32,5279,40
127,177,277,5279,40
163,177,163,5279,40
186,178,67,5279,40
191,178,52,5279,40
134,179,243,5279,40
152,179,166,5279,40
183,179,21,5279,40
295,179,551,5279,40
184,180,14,5279,40
195,180,65,5279,40
217,180,321,5279,40
174,181,37,31679,40
193,181,44,31679,40
231,182,271,16895,64
190,183,55,5279,40
171,184,52,5279,40
180,184,14,5279,40
187,184,25,5279,40
165,185,109,5279,40
303,185,505,5279,40
196,186,35,5279,40
184,187,25,5279,40
198,187,41,5279,40
177,188,78,5279,40
244,188,274,5279,40
168,189,77,31679,40
194,189,28,31679,40
192,190,9,5279,40
215,190,241,5279,40
170,191,137,5279,40
302,192,542,5279,40
181,193,44,31679,40
199,193,58,21119,40
215,193,124,31679,40
189,194,28,31679,40
204,194,50,31679,40
184,195,66,5279,40
254,195,314,5279,40
280,195,389,5279,40
186,196,35,5279,40
191,196,71,5279,40
258,196,303,5279,40
202,197,79,5279,40
187,198,41,5279,40
283,198,386,5279,40
193,199,58,21119,40
211,199,103,15839,40
175,200,106,5279,40
226,200,168,5279,40
172,201,235,29567,56
240,201,198,5279,40
197,202,79,5279,40
213,202,80,5279,40
259,202,275,5279,40
241,203,325,29567,56
194,204,50,31679,40
217,204,76,31679,40
518,205,1393,25343,64
153,206,274,5279,40
155,206,469,5279,40
268,206,311,5279,40
146,207,316,5279,40
209,207,15,5279,40
222,208,120,16895,64
155,209,936,5279,40
216,209,53,21119,40
268,209,1194,5279,40
330,209,1150,5279,40
201,210,78,29567,56
203,210,20,5279,40
177,211,150,5279,40
231,211,133,8447,64
195,212,175,5279,40
172,213,196,5279,40
202,213,80,5279,40
224,213,159,5279,40
199,214,106,5279,40
211,214,25,5279,40
193,215,124,31679,40
229,215,162,21119,40
271,215,277,31679,40
209,216,53,21119,40
233,216,73,15839,40
204,217,76,31679,40
212,217,89,5279,40
220,217,49,5279,40
227,217,58,5279,40
173,218,232,5279,40
221,218,41,5279,40
188,219,316,5279,40
252,219,147,5279,40
217,220,49,5279,40
225,220,69,5279,40
227,220,76,5279,40
218,221,41,5279,40
223,221,6,5279,40
228,221,42,5279,40
208,222,120,16895,64
234,222,32,16895,64
221,223,6,5279,40
228,223,42,5279,40
236,223,31,5279,40
213,224,159,5279,40
232,224,29,5279,40
220,225,69,5279,40
246,225,149,5279,40
200,226,168,5279,40
219,226,81,5279,40
262,226,148,5279,40
237,227,58,5279,40
243,227,48,5279,40
265,228,277,5279,40
214,229,96,5279,40
239,229,46,21119,40
196,230,432,5279,40
207,230,125,15839,40
238,231,83,16895,64
224,232,29,5279,40
235,232,19,5279,40
216,233,73,15839,40
230,233,15,5279,40
285,233,245,15839,40
222,234,32,16895,64
238,234,19,16895,64
232,235,19,5279,40
240,235,27,5279,40
223,236,31,5279,40
281,236,236,5279,40
217,237,108,5279,40
250,237,135,5279,40
234,238,19,16895,64
242,238,41,16895,64
244,239,31,31679,40
235,240,27,5279,40
249,240,79,5279,40
299,240,274,5279,40
255,241,294,25343,56
158,242,586,16895,64
214,242,178,8447,64
239,242,138,8447,64
248,243,74,5279,40
276,244,322,21119,40
300,244,274,5279,40
210,245,324,29567,56
241,245,20,5279,40
282,245,198,15839,40
170,246,346,5279,40
225,246,149,5279,40
257,246,190,5279,40
245,247,8,29567,56
243,248,74,5279,40
264,248,198,5279,40
210,249,196,15839,40
240,249,79,5279,40
251,249,36,5279,40
237,250,135,5279,40
249,251,36,5279,40
253,251,18,5279,40
208,252,218,5279,40
276,252,127,5279,40
251,253,18,5279,40
256,253,26,5279,40
243,254,61,5279,40
266,254,42,5279,40
440,255,1723,8447,64
463,255,1929,25343,64
253,256,26,5279,40
267,256,76,5279,40
246,257,190,5279,40
258,257,27,5279,40
196,258,303,5279,40
261,258,13,5279,40
284,258,433,5279,40
226,259,244,5279,40
316,259,274,5279,40
257,260,21,5279,40
258,260,13,5279,40
260,261,9,5279,40
279,261,99,5279,40
226,262,148,5279,40
252,262,77,5279,40
287,262,126,5279,40
247,263,232,7391,56
301,263,183,5279,40
246,264,90,5279,40
248,264,198,5279,40
273,264,46,5279,40
278,264,210,5279,40
295,265,235,5279,40
254,266,42,5279,40
272,266,36,5279,40
256,267,76,5279,40
270,267,42,5279,40
206,268,311,5279,40
308,268,185,5279,40
352,268,703,5279,40
213,269,274,5279,40
259,269,80,5279,40
267,270,42,5279,40
274,270,38,5279,40
173,271,876,5279,40
215,271,277,31679,40
333,271,274,31679,40
266,272,36,5279,40
286,272,69,5279,40
264,273,46,5279,40
275,273,19,5279,40
270,274,38,5279,40
277,274,46,5279,40
337,274,274,5279,40
273,275,19,5279,40
313,275,152,5279,40
287,276,76,21119,40
274,277,46,5279,40
282,277,36,5279,40
260,278,100,5279,40
264,278,210,5279,40
279,278,17,5279,40
278,279,17,5279,40
321,279,421,5279,40
335,279,214,5279,40
286,280,86,5279,40
288,280,20,5279,40
206,281,703,5279,40
236,281,236,5279,40
352,281,310,5279,40
245,282,198,15839,40
277,282,36,5279,40
292,282,47,5279,40
198,283,386,5279,40
280,283,58,5279,40
294,283,21,5279,40
230,284,249,15839,40
285,284,15,5279,40
233,285,245,15839,40
293,285,12,15839,40
310,285,332,5279,40
272,286,69,5279,40
296,286,23,5279,40
313,286,273,5279,40
262,287,126,5279,40
316,287,244,5279,40
349,287,274,5279,40
294,288,58,5279,40
151,289,607,5279,40
283,289,155,5279,40
298,289,24,5279,40
261,290,428,5279,40
284,290,12,15839,40
229,291,276,5279,40
271,291,162,15839,40
282,292,47,5279,40
297,292,28,5279,40
285,293,12,15839,40
290,293,16,5279,40
315,293,114,15839,40
283,294,21,5279,40
298,294,156,5279,40
342,294,194,5279,40
179,295,551,5279,40
265,295,235,5279,40
302,295,80,5279,40
351,295,274,5279,40
286,296,23,5279,40
288,296,76,5279,40
320,296,113,5279,40
292,297,28,5279,40
304,297,79,5279,40
289,298,24,5279,40
306,298,295,5279,40
269,299,236,5279,40
354,299,274,5279,40
291,300,77,15839,40
357,300,274,5279,40
263,301,183,5279,40
314,301,57,5279,40
192,302,542,5279,40
295,302,80,5279,40
311,302,76,5279,40
359,302,275,5279,40
185,303,505,5279,40
289,303,298,5279,40
306,303,15,5279,40
297,304,79,5279,40
307,304,25,5279,40
249,305,275,15839,40
299,305,79,5279,40
303,306,15,5279,40
428,306,570,5279,40
304,307,25,5279,40
309,307,19,5279,40
268,308,185,5279,40
330,308,90,5279,40
361,308,717,5279,40
307,309,19,5279,40
314,309,39,5279,40
312,310,46,5279,40
302,311,76,5279,40
333,311,164,5279,40
310,312,46,5279,40
319,312,131,5279,40
322,312,80,5279,40
275,313,152,5279,40
318,313,22,5279,40
334,313,210,5279,40
301,314,57,5279,40
309,314,39,5279,40
317,314,39,5279,40
327,314,60,5279,40
293,315,114,15839,40
324,315,24,15839,40
325,315,51,5279,40
329,316,80,5279,40
379,316,274,5279,40
314,317,39,5279,40
328,317,74,5279,40
296,318,273,5279,40
313,318,22,5279,40
360,318,184,5279,40
312,319,131,5279,40
322,319,58,5279,40
326,319,40,5279,40
331,319,139,5279,40
296,320,113,5279,40
340,320,80,5279,40
279,321,421,5279,40
290,321,136,15839,40
324,321,14,5279,40
312,322,80,5279,40
323,322,17,5279,40
326,322,31,5279,40
293,323,441,5279,40
315,324,24,15839,40
321,324,14,5279,40
325,324,51,5279,40
371,324,206,15839,40
433,325,1037,5279,40
322,326,31,5279,40
332,326,23,5279,40
314,327,60,5279,40
374,327,213,5279,40
317,328,74,5279,40
336,328,55,5279,40
269,329,274,5279,40
354,329,236,5279,40
308,330,90,5279,40
345,330,92,5279,40
347,330,82,5279,40
319,331,139,5279,40
323,332,67,5279,40
326,332,23,5279,40
346,332,129,5279,40
271,333,274,31679,40
311,333,164,5279,40
350,333,163,5279,40
393,333,275,31679,40
278,334,214,5279,40
335,334,18,5279,40
341,335,24,5279,40
369,335,420,5279,40
328,336,55,5279,40
338,336,22,5279,40
305,337,238,5279,40
396,337,274,5279,40
336,338,22,5279,40
343,338,55,5279,40
318,339,210,5279,40
334,339,24,5279,40
320,340,80,5279,40
342,340,40,5279,40
339,341,17,5279,40
385,341,186,5279,40
294,342,194,5279,40
340,342,40,5279,40
402,342,258,5279,40
338,343,55,5279,40
348,343,33,5279,40
282,344,274,21119,40
337,344,80,5279,40
347,345,99,5279,40
358,345,132,5279,40
332,346,129,5279,40
401,346,474,31679,40
233,347,1129,5279,40
330,347,82,5279,40
331,347,511,5279,40
370,347,109,5279,40
343,348,33,5279,40
353,348,47,5279,40
287,349,274,5279,40
300,349,398,5279,40
405,349,274,5279,40
291,350,273,5279,40
333,350,163,5279,40
357,350,77,5279,40
281,351,555,5279,40
295,351,274,5279,40
281,352,310,5279,40
361,352,43,21119,40
364,352,98,5279,40
348,353,47,5279,40
355,353,31,5279,40
367,354,79,5279,40
409,354,274,5279,40
353,355,31,5279,40
356,355,21,5279,40
355,356,21,5279,40
362,356,27,5279,40
350,357,77,5279,40
398,357,169,5279,40
405,357,399,5279,40
345,358,132,5279,40
363,358,22,5279,40
302,359,275,5279,40
351,359,78,5279,40
382,359,82,5279,40
383,359,154,5279,40
318,360,184,5279,40
366,360,18,5279,40
352,361,43,21119,40
364,361,106,10559,40
388,361,111,21119,40
356,362,27,5279,40
368,362,47,5279,40
358,363,22,5279,40
380,363,110,5279,40
365,364,164,10559,40
413,364,457,5279,40
376,365,335,5279,40
360,366,18,5279,40
378,366,52,5279,40
305,367,274,15839,40
396,367,239,5279,40
362,368,47,5279,40
372,368,31,5279,40
321,369,206,15839,40
371,369,15,5279,40
347,370,109,5279,40
401,370,154,5279,40
324,371,206,15839,40
375,371,16,15839,40
368,372,31,5279,40
377,372,33,5279,40
341,373,421,5279,40
369,373,19,15839,40
327,374,213,5279,40
344,374,243,5279,40
420,374,274,5279,40
371,375,16,15839,40
373,375,14,5279,40
416,375,208,5279,40
351,376,112,5279,40
382,376,83,5279,40
372,377,33,5279,40
381,377,15,5279,40
366,378,52,5279,40
408,378,149,5279,40
349,379,244,5279,40
422,379,275,5279,40
363,380,110,5279,40
386,380,38,5279,40
377,381,15,5279,40
384,381,30,5279,40
359,382,82,5279,40
419,382,227,5279,40
359,383,154,5279,40
381,384,30,5279,40
387,384,32,5279,40
389,385,49,5279,40
380,386,38,5279,40
414,386,313,5279,40
384,387,32,5279,40
391,387,17,5279,40
361,388,111,21119,40
392,388,10,21119,40
385,389,49,5279,40
415,389,373,5279,40
329,390,274,5279,40
379,390,79,5279,40
387,391,17,5279,40
394,391,30,5279,40
388,392,10,21119,40
407,392,105,21119,40
333,393,275,31679,40
383,393,86,5279,40
444,393,309,31679,40
391,394,30,5279,40
397,394,34,5279,40
350,395,197,5279,40
398,395,82,5279,40
403,396,79,5279,40
438,396,274,5279,40
394,397,34,5279,40
399,397,22,5279,40
411,398,105,5279,40
412,398,415,5279,40
397,399,22,5279,40
400,399,25,5279,40
399,400,25,5279,40
423,400,312,5279,40
446,400,276,5279,40
346,401,474,31679,40
370,401,154,5279,40
433,401,216,5279,40
467,401,702,31679,40
342,402,258,5279,40
439,402,205,5279,40
344,403,273,21119,40
420,403,244,5279,40
410,404,40,5279,40
349,405,274,5279,40
412,405,53,5279,40
422,405,245,5279,40
393,406,164,5279,40
395,406,78,5279,40
392,407,105,21119,40
414,407,41,26399,40
378,408,149,5279,40
425,408,130,5279,40
390,409,237,5279,40
457,409,275,5279,40
404,410,40,5279,40
417,410,30,5279,40
406,411,76,5279,40
464,411,311,5279,40
405,412,53,5279,40
452,412,220,5279,40
376,413,198,5279,40
419,413,77,5279,40
386,414,313,5279,40
407,414,41,26399,40
424,414,161,5279,40
437,414,155,21119,40
373,415,204,5279,40
389,415,373,5279,40
416,415,14,5279,40
415,416,14,5279,40
455,416,224,5279,40
522,416,1033,10559,40
410,417,30,5279,40
421,417,51,5279,40
367,418,274,15839,40
409,418,80,5279,40
382,419,227,5279,40
444,419,241,5279,40
447,419,154,5279,40
374,420,274,5279,40
471,420,274,5279,40
482,420,598,5279,40
483,420,417,5279,40
417,421,51,5279,40
431,421,58,5279,40
454,421,413,5279,40
430,422,78,5279,40
474,422,272,5279,40
400,423,312,5279,40
441,423,129,5279,40
414,424,161,5279,40
459,424,314,5279,40
408,425,130,5279,40
432,425,24,5279,40
247,426,1775,25343,56
263,426,1545,5279,40
404,426,351,8447,64
429,427,22,5279,40
442,427,321,5279,40
306,428,570,5279,40
442,428,34,5279,40
427,429,22,5279,40
439,429,84,5279,40
390,430,274,5279,40
457,430,239,5279,40
421,431,58,5279,40
445,431,56,5279,40
425,432,24,5279,40
436,432,21,5279,40
401,433,216,5279,40
477,433,229,5279,40
514,433,702,15839,40
374,434,642,5279,40
394,434,276,5279,40
388,435,554,5279,40
413,435,154,5279,40
432,436,21,5279,40
451,436,49,5279,40
414,437,155,21119,40
467,437,155,21119,40
502,437,555,5279,40
418,438,237,5279,40
492,438,274,5279,40
402,439,205,5279,40
429,439,84,5279,40
448,439,83,5279,40
468,439,148,5279,40
450,440,39,5279,40
463,440,207,5279,40
423,441,129,5279,40
445,441,38,5279,40
427,442,321,5279,40
443,442,33,5279,40
518,442,352,5279,40
428,443,48,5279,40
442,443,33,5279,40
393,444,309,31679,40
460,444,163,5279,40
461,444,102,31679,40
431,445,56,5279,40
441,445,38,5279,40
489,445,234,5279,40
509,445,576,5279,40
434,446,80,5279,40
480,446,202,5279,40
435,447,78,5279,40
473,447,156,5279,40
436,448,48,5279,40
439,448,83,5279,40
451,448,7,5279,40
403,449,275,10559,40
438,449,81,5279,40
440,450,39,5279,40
453,450,25,5279,40
448,451,7,5279,40
469,451,114,5279,40
411,452,398,5279,40
412,452,220,5279,40
515,452,312,5279,40
450,453,25,5279,40
458,453,29,5279,40
421,454,413,5279,40
476,454,169,5279,40
508,455,231,5279,40
556,455,1002,10559,40
426,456,281,25343,64
458,456,48,8447,64
462,457,79,5279,40
516,457,272,5279,40
453,458,29,5279,40
456,458,48,8447,64
465,458,49,5279,40
424,459,314,5279,40
466,459,78,5279,40
406,460,310,5279,40
464,460,78,5279,40
444,461,102,31679,40
470,461,52,31679,40
418,462,275,15839,40
492,462,237,5279,40
577,463,1127,25343,64
500,464,154,5279,40
515,464,398,5279,40
458,465,49,5279,40
472,465,37,5279,40
435,466,156,5279,40
459,466,78,5279,40
473,466,78,5279,40
401,467,702,31679,40
437,467,155,21119,40
475,467,84,31679,40
514,467,216,21119,40
448,468,114,5279,40
469,468,7,5279,40
478,469,41,5279,40
447,470,241,5279,40
461,470,52,31679,40
504,470,146,31679,40
420,471,274,5279,40
449,471,243,5279,40
494,471,99,5279,40
426,472,263,8447,64
465,472,37,5279,40
476,472,12,5279,40
466,473,78,5279,40
484,473,80,5279,40
511,473,156,5279,40
452,474,244,5279,40
536,474,312,5279,40
467,475,84,31679,40
454,476,169,5279,40
472,476,12,5279,40
509,476,143,5279,40
521,476,584,5279,40
375,477,1058,5279,40
433,477,229,5279,40
522,477,212,5279,40
468,478,42,5279,40
479,478,9,5279,40
478,479,9,5279,40
498,479,70,5279,40
486,480,433,5279,40
487,480,19,5279,40
434,481,247,5279,40
480,481,91,5279,40
481,482,51,5279,40
488,482,45,5279,40
482,483,224,5279,40
490,483,21,5279,40
473,484,80,5279,40
504,484,160,15839,40
430,485,273,5279,40
474,485,78,5279,40
446,486,385,5279,40
489,486,105,5279,40
488,487,91,5279,40
501,487,53,5279,40
481,488,21,5279,40
490,488,276,5279,40
501,488,78,5279,40
445,489,234,5279,40
497,489,40,5279,40
527,489,593,5279,40
496,490,235,5279,40
517,490,140,5279,40
460,491,154,5279,40
470,491,163,5279,40
505,492,80,5279,40
541,492,274,5279,40
471,493,136,5279,40
483,493,326,5279,40
496,493,80,5279,40
471,494,99,5279,40
493,494,154,5279,40
529,494,175,5279,40
484,495,69,5279,40
503,496,27,5279,40
486,497,96,5279,40
487,497,529,5279,40
489,497,40,5279,40
545,497,274,5279,40
479,498,70,5279,40
513,498,65,5279,40
493,499,23,5279,40
491,500,74,5279,40
528,500,147,5279,40
545,501,482,5279,40
547,501,274,5279,40
466,502,156,5279,40
511,502,78,5279,40
499,503,58,5279,40
512,503,73,5279,40
470,504,146,31679,40
507,504,17,31679,40
519,504,164,5279,40
449,505,274,5279,40
529,505,244,5279,40
415,506,456,5279,40
508,506,15,10559,40
495,507,91,5279,40
504,507,17,31679,40
533,507,148,31679,40
506,508,15,10559,40
526,508,189,10559,40
548,508,230,5279,40
445,509,576,5279,40
476,509,143,5279,40
527,509,104,5279,40
558,509,576,5279,40
497,510,85,5279,40
533,511,241,5279,40
535,511,155,5279,40
499,512,50,5279,40
534,512,137,5279,40
498,513,65,5279,40
537,513,148,5279,40
467,514,216,21119,40
543,514,184,21119,40
561,514,557,21119,40
452,515,312,5279,40
536,515,244,5279,40
538,515,154,5279,40
485,516,239,5279,40
562,516,311,5279,40
503,517,199,5279,40
523,517,39,5279,40
563,518,359,8447,64
583,518,608,25343,64
491,519,146,5279,40
528,519,78,5279,40
462,520,273,15839,40
516,520,80,5279,40
476,521,584,5279,40
558,521,241,21119,40
573,521,423,5279,40
416,522,1033,10559,40
477,522,212,5279,40
556,522,224,5279,40
517,523,39,5279,40
539,523,199,5279,40
507,524,164,5279,40
519,524,18,5279,40
510,525,164,5279,40
508,526,189,10559,40
585,526,694,10559,40
509,527,104,5279,40
531,527,17,5279,40
580,527,576,5279,40
532,528,18,5279,40
590,528,722,5279,40
494,529,175,5279,40
540,529,170,5279,40
570,529,274,5279,40
475,530,471,5279,40
502,530,155,5279,40
510,531,516,5279,40
525,531,362,5279,40
527,531,17,5279,40
552,531,152,5279,40
524,532,78,5279,40
551,532,147,5279,40
507,533,148,31679,40
546,533,162,5279,40
555,533,157,31679,40
512,534,137,5279,40
540,534,50,5279,40
530,535,79,5279,40
542,536,79,5279,40
557,536,155,5279,40
513,537,148,5279,40
553,537,97,5279,40
500,538,401,5279,40
515,538,154,5279,40
560,538,144,5279,40
488,539,279,5279,40
523,539,199,5279,40
547,539,80,5279,40
534,540,50,5279,40
572,540,191,5279,40
520,541,236,5279,40
592,541,311,5279,40
485,542,311,5279,40
562,542,238,5279,40
514,543,184,21119,40
550,543,46,21119,40
532,544,183,5279,40
497,545,274,5279,40
582,545,238,5279,40
601,545,577,5279,40
524,546,147,5279,40
551,546,77,5279,40
539,547,80,5279,40
559,547,104,5279,40
589,547,482,5279,40
574,548,316,10559,40
611,548,327,5279,40
505,549,273,5279,40
541,549,79,5279,40
477,550,701,5279,40
543,550,46,21119,40
554,550,35,5279,40
578,551,157,5279,40
587,551,402,5279,40
525,552,328,5279,40
531,552,152,5279,40
601,552,275,5279,40
537,553,97,5279,40
563,553,57,5279,40
550,554,35,5279,40
598,554,247,5279,40
533,555,157,31679,40
535,555,240,5279,40
568,555,73,31679,40
455,556,1002,10559,40
522,556,224,5279,40
596,556,225,5279,40
538,557,244,5279,40
621,557,311,5279,40
509,558,576,5279,40
521,558,241,21119,40
566,558,85,5279,40
580,558,121,21119,40
539,559,117,5279,40
667,559,572,5279,40
538,560,144,5279,40
564,560,21,5279,40
530,561,214,5279,40
591,561,318,26399,40
569,562,79,5279,40
586,562,155,5279,40
553,563,57,5279,40
583,563,258,16895,64
560,564,21,5279,40
587,564,147,5279,40
542,565,155,5279,40
557,565,79,5279,40
558,566,85,5279,40
641,566,637,5279,40
552,567,166,5279,40
555,568,73,31679,40
575,568,82,15839,40
591,568,139,31679,40
520,569,311,5279,40
592,569,238,5279,40
529,570,274,5279,40
549,570,244,5279,40
638,570,311,5279,40
546,571,157,5279,40
555,571,162,5279,40
540,572,191,5279,40
576,572,30,5279,40
521,573,423,5279,40
588,573,316,5279,40
548,574,316,10559,40
593,575,99,5279,40
572,576,30,5279,40
584,576,54,5279,40
597,577,159,8447,64
794,577,2750,8447,64
844,577,3336,25343,64
571,578,78,5279,40
626,578,215,5279,40
456,579,1256,25343,64
472,579,1303,8447,64
558,580,121,21119,40
581,580,16,5279,40
661,580,723,5279,40
531,581,576,5279,40
580,581,16,5279,40
612,581,137,5279,40
545,582,238,5279,40
589,582,35,21119,40
610,583,391,5279,40
619,583,646,25343,64
570,584,170,5279,40
576,584,54,5279,40
643,584,250,5279,40
526,585,694,10559,40
596,585,88,10559,40
565,586,238,5279,40
624,586,144,5279,40
564,587,147,5279,40
606,587,70,5279,40
621,587,242,5279,40
573,588,316,5279,40
577,588,84,8447,64
608,588,81,5279,40
547,589,482,5279,40
582,589,35,21119,40
674,589,738,5279,40
565,590,145,5279,40
624,590,238,5279,40
568,591,139,31679,40
600,591,33,21119,40
603,591,84,5279,40
604,592,79,5279,40
632,592,155,5279,40
575,593,99,5279,40
603,593,37,5279,40
113,594,2498,8447,64
120,594,2300,8447,64
124,594,2258,8447,64
443,594,988,8447,64
495,595,1055,5279,40
544,595,539,5279,40
590,595,20,5279,40
556,596,225,5279,40
585,596,88,10559,40
618,596,167,5279,40
579,597,176,25343,64
605,597,120,8447,64
554,598,247,5279,40
609,598,47,5279,40
569,599,155,5279,40
586,599,79,5279,40
591,600,33,21119,40
602,600,9,21119,40
552,601,275,5279,40
622,601,162,5279,40
600,602,9,21119,40
607,602,20,21119,40
593,603,37,5279,40
614,603,79,5279,40
549,604,311,5279,40
638,604,244,5279,40
579,605,117,8447,64
647,605,203,5279,40
587,606,70,5279,40
629,606,86,5279,40
602,607,20,21119,40
646,607,165,5279,40
588,608,81,5279,40
615,608,38,5279,40
598,609,47,5279,40
616,609,27,5279,40
625,609,223,5279,40
506,610,565,5279,40
611,610,26,5279,40
617,611,32,5279,40
619,611,230,5279,40
567,612,409,5279,40
581,612,137,5279,40
669,612,274,5279,40
609,613,54,5279,40
628,613,246,5279,40
571,614,215,5279,40
623,614,65,5279,40
608,615,38,5279,40
726,615,1203,5279,40
609,616,27,5279,40
613,616,51,5279,40
594,617,308,8447,64
610,617,31,5279,40
596,618,167,5279,40
636,618,149,5279,40
625,619,1813,25343,64
636,619,1106,8447,64
614,620,23,5279,40
633,621,79,5279,40
650,621,157,5279,40
567,622,274,5279,40
637,622,55,5279,40
669,622,413,21119,40
626,623,10,5279,40
630,624,18,5279,40
635,624,78,5279,40
719,625,1223,25343,64
642,626,81,5279,40
668,626,400,5279,40
676,627,1021,25343,64
613,628,246,5279,40
634,628,155,5279,40
578,629,399,5279,40
606,629,86,5279,40
644,629,78,5279,40
595,630,238,15839,40
653,630,148,5279,40
607,631,163,15839,40
620,631,37,5279,40
599,632,238,5279,40
654,632,145,5279,40
595,633,145,5279,40
653,633,238,5279,40
628,634,155,5279,40
636,634,44,5279,40
676,634,400,8447,64
599,635,145,5279,40
654,635,238,5279,40
618,636,149,5279,40
634,636,44,5279,40
622,637,55,5279,40
664,637,164,5279,40
570,638,311,5279,40
649,638,166,5279,40
663,638,155,5279,40
630,639,78,15839,40
635,639,19,5279,40
604,640,155,5279,40
632,640,79,5279,40
566,641,637,5279,40
588,641,217,5279,40
645,641,28,5279,40
670,642,147,5279,40
584,643,250,5279,40
649,643,61,5279,40
658,643,97,5279,40
629,644,78,5279,40
668,644,135,5279,40
641,645,28,5279,40
647,645,57,5279,40
550,646,876,5279,40
561,646,393,5279,40
607,646,165,5279,40
659,646,93,5279,40
605,647,203,5279,40
645,647,57,5279,40
651,647,35,5279,40
652,647,33,5279,40
616,648,424,5279,40
627,648,223,5279,40
643,649,61,5279,40
658,649,79,5279,40
629,650,243,5279,40
693,650,213,5279,40
647,651,35,5279,40
655,651,50,5279,40
647,652,33,5279,40
666,652,57,5279,40
662,653,79,5279,40
688,653,157,5279,40
660,654,20,5279,40
665,654,78,5279,40
651,655,50,5279,40
720,655,724,5279,40
631,656,167,5279,40
646,656,164,5279,40
633,657,157,5279,40
650,657,79,5279,40
690,658,154,5279,40
703,658,396,5279,40
646,659,93,5279,40
671,659,44,5279,40
639,660,239,15839,40
689,660,146,5279,40
641,661,126,5279,40
673,661,85,5279,40
639,662,147,5279,40
689,662,238,5279,40
638,663,155,5279,40
640,663,244,5279,40
692,663,144,5279,40
637,664,164,5279,40
674,664,52,5279,40
640,665,144,5279,40
692,665,245,5279,40
652,666,57,5279,40
673,666,32,15839,40
559,667,572,5279,40
706,667,205,5279,40
644,668,135,5279,40
693,668,243,5279,40
704,668,213,5279,40
612,669,274,5279,40
679,669,72,5279,40
736,669,809,21119,40
656,670,76,5279,40
691,670,114,5279,40
648,671,476,5279,40
659,671,44,5279,40
677,671,82,5279,40
660,672,78,15839,40
665,672,20,5279,40
666,673,32,15839,40
675,673,22,5279,40
687,673,87,5279,40
729,673,813,5279,40
589,674,738,5279,40
664,674,52,5279,40
681,674,57,21119,40
684,674,85,5279,40
581,675,809,5279,40
661,675,88,5279,40
673,675,22,5279,40
686,675,43,5279,40
594,676,1389,16895,64
617,676,1081,8447,64
671,677,82,5279,40
683,677,62,5279,40
681,678,76,21119,40
685,678,98,10559,40
669,679,72,5279,40
707,679,165,5279,40
649,680,155,5279,40
663,680,166,5279,40
674,681,57,21119,40
678,681,76,21119,40
627,682,816,25343,64
648,682,600,8447,64
656,683,133,5279,40
677,683,62,5279,40
691,683,96,10559,40
674,684,85,5279,40
712,684,329,5279,40
678,685,98,10559,40
694,685,50,10559,40
675,686,43,5279,40
701,686,84,5279,40
675,687,84,5279,40
657,688,238,5279,40
715,688,213,5279,40
698,689,79,5279,40
711,689,157,5279,40
680,690,78,5279,40
710,690,146,5279,40
708,691,414,5279,40
719,691,318,8447,40
723,691,383,8447,40
663,692,144,5279,40
696,692,21,5279,40
705,692,165,5279,40
702,693,80,5279,40
722,693,232,5279,40
685,694,50,10559,40
774,694,653,10559,40
662,695,157,5279,40
688,695,80,5279,40
672,696,245,15839,40
692,696,21,5279,40
714,696,145,5279,40
670,697,271,5279,40
672,698,146,5279,40
714,698,244,5279,40
697,699,20,5279,40
697,700,21,5279,40
612,701,808,5279,40
686,701,84,5279,40
736,701,273,5279,40
657,702,213,5279,40
715,702,237,5279,40
667,703,189,5279,40
706,703,79,5279,40
668,704,213,5279,40
699,704,109,5279,40
708,704,28,5279,40
680,705,144,5279,40
710,705,78,5279,40
724,706,155,5279,40
742,706,484,5279,40
679,707,165,5279,40
712,707,35,5279,40
682,708,527,8447,64
700,708,108,5279,40
704,708,28,5279,40
696,709,165,15839,40
705,709,21,5279,40
713,710,21,5279,40
740,710,396,5279,40
695,711,238,5279,40
741,711,213,5279,40
684,712,329,5279,40
707,712,35,5279,40
717,712,49,21119,40
765,712,808,5279,40
709,713,78,15839,40
734,713,144,5279,40
696,714,145,5279,40
725,714,165,5279,40
735,714,153,5279,40
721,715,79,5279,40
749,715,224,5279,40
698,716,157,5279,40
711,716,79,5279,40
712,717,49,21119,40
786,717,646,10559,40
690,718,397,5279,40
703,718,155,5279,40
723,719,65,25343,64
655,720,724,5279,40
727,720,43,5279,40
732,720,141,5279,40
695,721,213,5279,40
741,721,239,5279,40
704,722,244,5279,40
708,722,244,5279,40
771,723,656,25343,64
718,724,79,5279,40
747,724,144,5279,40
709,725,145,5279,40
734,725,80,5279,40
615,726,1203,5279,40
728,726,109,5279,40
767,726,641,5279,40
720,727,43,5279,40
729,727,11,5279,40
726,728,109,5279,40
746,728,117,5279,40
727,729,11,5279,40
732,729,154,5279,40
733,729,20,5279,40
716,730,172,5279,40
702,731,229,5279,40
722,731,99,21119,40
746,732,179,5279,40
687,733,728,5279,40
729,733,20,5279,40
738,733,44,5279,40
756,734,154,5279,40
758,734,395,5279,40
714,735,153,5279,40
730,735,72,5279,40
737,735,6,5279,40
701,736,273,5279,40
765,736,272,5279,40
784,736,810,5279,40
730,737,72,5279,40
735,737,6,5279,40
760,737,211,5279,40
733,738,44,5279,40
755,738,114,5279,40
597,739,1645,25343,64
718,740,144,5279,40
747,740,79,5279,40
748,741,78,5279,40
764,741,229,5279,40
750,742,40,15839,40
779,742,575,5279,40
731,743,119,5279,40
737,744,86,5279,40
713,745,396,15839,40
740,745,21,5279,40
728,746,117,5279,40
751,746,16,5279,40
836,746,1470,5279,40
754,747,22,5279,40
775,747,484,5279,40
716,748,213,5279,40
760,748,245,5279,40
699,749,670,5279,40
731,749,218,5279,40
753,749,8,5279,40
742,750,40,15839,40
759,750,114,5279,40
733,751,329,5279,40
746,751,16,5279,40
777,751,265,5279,40
725,752,152,5279,40
735,752,165,5279,40
700,753,669,5279,40
743,753,101,5279,40
771,753,218,5279,40
745,754,79,15839,40
761,754,144,5279,40
738,755,114,5279,40
757,755,42,5279,40
752,756,80,5279,40
776,756,215,5279,40
701,757,810,5279,40
755,757,42,5279,40
784,757,273,5279,40
745,758,145,5279,40
761,758,79,5279,40
724,759,484,5279,40
750,759,114,5279,40
775,759,146,5279,40
737,760,211,5279,40
762,760,39,5279,40
763,760,85,5279,40
781,761,154,5279,40
789,761,484,5279,40
760,762,39,5279,40
766,762,36,21119,40
744,763,210,5279,40
768,763,82,5279,40
721,764,330,5279,40
749,764,317,5279,40
753,764,317,5279,40
792,764,250,5279,40
712,765,808,5279,40
736,765,272,5279,40
769,765,90,5279,40
762,766,36,21119,40
783,766,152,5279,40
726,767,641,5279,40
772,767,72,5279,40
744,768,225,5279,40
752,768,218,5279,40
770,768,33,5279,40
765,769,90,5279,40
785,769,137,5279,40
820,769,720,5279,40
776,770,39,5279,40
792,771,307,25343,64
767,772,72,5279,40
773,772,134,5279,40
800,773,527,5279,40
801,773,447,5279,40
694,774,653,10559,40
779,774,18,21119,40
759,775,146,5279,40
780,775,22,5279,40
811,775,575,5279,40
795,776,400,5279,40
805,776,243,5279,40
819,776,334,5279,40
751,777,265,5279,40
757,777,323,5279,40
806,777,272,5279,40
809,777,522,5279,40
756,778,395,5279,40
758,778,154,5279,40
774,779,18,21119,40
790,779,154,5279,40
798,779,410,5279,40
754,780,484,15839,40
775,780,22,5279,40
789,780,142,5279,40
778,781,79,5279,40
803,781,216,5279,40
788,782,48,5279,40
748,783,335,5279,40
764,783,324,5279,40
766,783,152,5279,40
810,783,217,5279,40
757,784,273,5279,40
787,784,39,5279,40
806,784,322,5279,40
765,785,160,5279,40
854,785,568,5279,40
717,786,646,10559,40
808,786,174,10559,40
784,787,39,5279,40
793,787,57,5279,40
782,788,48,5279,40
791,788,45,5279,40
780,789,142,5279,40
812,789,155,5279,40
829,789,577,5279,40
759,790,575,5279,40
779,790,154,5279,40
811,790,148,5279,40
783,791,166,5279,40
788,791,45,5279,40
822,791,216,5279,40
852,792,751,8447,64
858,792,826,25343,64
787,793,57,5279,40
797,793,38,5279,40
799,794,69,5279,40
778,795,216,5279,40
803,795,79,5279,40
791,796,78,5279,40
793,797,38,5279,40
804,797,36,5279,40
786,798,187,10559,40
808,798,80,5279,40
807,799,28,5279,40
801,800,91,5279,40
802,800,8,5279,40
772,801,569,5279,40
773,801,447,5279,40
800,802,8,5279,40
842,802,522,5279,40
832,803,228,5279,40
838,803,484,5279,40
797,804,36,5279,40
816,804,64,5279,40
796,805,78,5279,40
831,805,217,5279,40
777,806,272,5279,40
823,806,139,5279,40
815,807,88,5279,40
844,807,491,5279,40
817,808,87,5279,40
777,809,522,5279,40
814,809,58,5279,40
783,810,217,5279,40
822,810,165,5279,40
790,811,148,5279,40
818,811,23,5279,40
851,811,578,5279,40
781,812,484,5279,40
789,812,155,5279,40
838,812,216,5279,40
805,813,80,5279,40
809,814,58,5279,40
826,814,227,5279,40
807,815,88,5279,40
821,815,68,5279,40
804,816,64,5279,40
820,816,37,5279,40
830,817,154,5279,40
862,817,808,5279,40
780,818,575,15839,40
811,818,23,5279,40
829,818,142,5279,40
813,819,79,5279,40
843,819,216,5279,40
769,820,720,5279,40
816,820,37,5279,40
827,820,166,5279,40
815,821,68,5279,40
824,821,72,5279,40
791,822,216,5279,40
810,822,165,5279,40
825,822,81,5279,40
806,823,139,5279,40
835,823,110,5279,40
739,824,969,5279,40
794,824,224,5279,40
799,824,223,5279,40
821,824,72,5279,40
828,824,82,5279,40
796,825,217,5279,40
822,825,81,5279,40
831,825,77,5279,40
814,826,227,5279,40
833,826,85,5279,40
820,827,166,5279,40
834,827,79,5279,40
824,828,82,5279,40
836,828,79,5279,40
818,829,142,5279,40
850,829,153,5279,40
865,829,576,5279,40
790,830,578,5279,40
798,830,228,5279,40
817,830,154,5279,40
851,830,145,5279,40
825,831,77,5279,40
837,831,105,5279,40
839,831,80,5279,40
795,832,242,5279,40
819,832,237,5279,40
826,833,85,5279,40
857,833,427,5279,40
827,834,79,5279,40
840,834,49,5279,40
823,835,110,5279,40
845,835,55,5279,40
828,836,79,5279,40
841,836,20,5279,40
871,836,554,5279,40
682,837,1976,25343,64
683,837,1961,8447,64
743,837,1035,8447,64
812,838,216,5279,40
859,838,228,5279,40
872,838,576,5279,40
813,839,216,5279,40
831,839,80,5279,40
843,839,80,5279,40
834,840,49,5279,40
835,840,35,5279,40
751,841,1461,5279,40
836,841,20,5279,40
846,841,65,5279,40
802,842,522,5279,40
848,842,49,5279,40
839,843,80,5279,40
847,843,10,5279,40
852,843,64,5279,40
911,844,1146,8447,64
916,844,1162,25343,64
840,845,43,5279,40
866,845,239,5279,40
841,846,65,5279,40
855,846,152,5279,40
843,847,10,5279,40
849,847,67,5279,40
842,848,49,5279,40
860,848,235,5279,40
871,848,226,5279,40
847,849,67,5279,40
877,849,557,5279,40
812,850,576,5279,40
829,850,153,5279,40
872,850,219,5279,40
830,851,145,5279,40
853,851,23,5279,40
899,851,808,5279,40
843,852,64,5279,40
858,852,99,8447,64
818,853,578,15839,40
851,853,23,5279,40
865,853,142,5279,40
785,854,568,5279,40
868,854,157,5279,40
846,855,152,5279,40
857,855,85,5279,40
867,856,138,5279,40
833,857,427,5279,40
855,857,85,5279,40
861,857,82,5279,40
863,857,80,5279,40
906,858,567,8447,64
918,858,780,25343,64
832,859,484,5279,40
838,859,228,5279,40
877,859,234,5279,40
881,859,217,5279,40
848,860,235,5279,40
864,860,19,5279,40
857,861,82,5279,40
874,861,138,5279,40
854,862,179,5279,40
868,862,85,5279,40
878,862,155,5279,40
857,863,80,5279,40
869,863,70,5279,40
860,864,19,5279,40
908,864,555,5279,40
853,865,142,5279,40
880,865,154,5279,40
914,865,808,5279,40
845,866,239,5279,40
870,866,17,5279,40
900,866,480,5279,40
856,867,138,5279,40
894,867,247,5279,40
882,868,155,5279,40
925,868,1055,5279,40
935,868,1082,5279,40
863,869,70,5279,40
875,869,67,5279,40
866,870,17,5279,40
902,870,259,5279,40
848,871,226,5279,40
873,871,18,5279,40
919,871,804,5279,40
850,872,219,5279,40
898,872,228,5279,40
909,872,577,5279,40
841,873,562,5279,40
871,873,18,5279,40
905,873,270,5279,40
861,874,138,5279,40
905,874,482,5279,40
869,875,67,5279,40
876,875,31,5279,40
875,876,31,5279,40
879,876,48,5279,40
849,877,557,5279,40
881,877,86,5279,40
906,877,204,5279,40
830,878,808,5279,40
862,878,155,5279,40
899,878,144,5279,40
876,879,48,5279,40
883,879,42,5279,40
885,879,164,5279,40
850,880,576,5279,40
865,880,154,5279,40
909,880,216,5279,40
859,881,217,5279,40
877,881,86,5279,40
884,881,86,5279,40
878,882,85,5279,40
879,883,42,5279,40
901,883,95,5279,40
881,884,86,5279,40
910,884,179,5279,40
920,884,490,5279,40
879,885,164,5279,40
886,885,89,5279,40
885,886,89,5279,40
887,886,89,5279,40
886,887,89,5279,40
915,887,490,5279,40
889,888,68,5279,40
901,888,264,5279,40
888,889,68,5279,40
890,889,25,5279,40
912,889,304,5279,40
889,890,25,5279,40
891,890,34,5279,40
890,891,34,5279,40
892,891,25,5279,40
891,892,25,5279,40
893,892,33,5279,40
892,893,33,5279,40
895,893,186,5279,40
867,894,247,5279,40
897,894,94,5279,40
900,894,18,5279,40
893,895,186,5279,40
896,895,51,5279,40
895,896,51,5279,40
897,896,41,5279,40
896,897,41,5279,40
907,897,58,5279,40
859,898,577,5279,40
872,898,228,5279,40
920,898,216,5279,40
878,899,144,5279,40
903,899,24,5279,40
1091,899,2351,5279,40
894,900,18,5279,40
907,900,86,5279,40
883,901,95,5279,40
888,901,264,5279,40
912,901,136,5279,40
913,901,245,5279,40
870,902,259,5279,40
904,902,13,5279,40
974,902,1211,5279,40
853,903,808,15839,40
899,903,24,5279,40
914,903,143,5279,40
902,904,13,5279,40
925,904,259,5279,40
873,905,270,5279,40
874,905,482,5279,40
915,905,126,5279,40
929,905,479,5279,40
910,906,174,5279,40
918,906,213,5279,40
895,907,132,5279,40
938,907,644,5279,40
864,908,555,5279,40
919,908,134,5279,40
923,908,321,5279,40
880,909,216,5279,40
931,909,228,5279,40
958,909,808,5279,40
884,910,179,5279,40
916,911,40,8447,64
928,911,369,5279,40
889,912,304,5279,40
901,912,136,5279,40
938,912,268,5279,40
964,912,804,5279,40
901,913,245,5279,40
917,913,28,5279,40
903,914,143,5279,40
932,914,154,21119,40
1118,914,2351,5279,40
887,915,490,5279,40
905,915,126,5279,40
943,915,474,5279,40
979,916,1920,16895,64
1018,916,1756,8447,64
913,917,28,5279,40
940,917,446,5279,40
949,918,449,5279,40
995,918,1531,8447,64
997,918,1570,8447,64
1057,918,2224,25343,64
908,919,134,5279,40
921,919,18,5279,40
970,919,804,5279,40
884,920,490,5279,40
898,920,216,5279,40
944,920,227,5279,40
957,920,575,5279,40
873,921,804,5279,40
919,921,18,5279,40
951,921,270,5279,40
739,922,2822,25343,64
908,923,321,5279,40
927,923,327,5279,40
926,924,11,5279,40
933,924,191,5279,40
904,925,259,5279,40
935,925,54,5279,40
924,926,11,5279,40
927,926,7,5279,40
923,927,327,10559,40
926,927,7,5279,40
911,928,369,5279,40
922,928,233,8447,64
930,928,66,5279,40
905,929,479,5279,40
943,929,132,5279,40
951,929,323,5279,40
928,930,66,5279,40
936,930,166,5279,40
898,931,576,5279,40
909,931,228,5279,40
957,931,217,5279,40
880,932,808,5279,40
914,932,154,21119,40
958,932,218,5279,40
924,933,191,5279,40
934,933,9,5279,40
933,934,9,5279,40
946,934,92,5279,40
947,934,360,5279,40
1033,935,1182,5279,40
930,936,166,5279,40
937,936,16,5279,40
936,937,16,5279,40
973,937,294,5279,40
912,938,268,5279,40
941,938,14,5279,40
1010,938,803,5279,40
933,939,67,5279,40
917,940,446,5279,40
942,940,33,5279,40
870,941,1211,5279,40
938,941,14,5279,40
974,941,259,5279,40
940,942,33,5279,40
945,942,54,5279,40
915,943,474,5279,40
929,943,132,5279,40
967,943,322,5279,40
969,943,193,5279,40
920,944,227,5279,40
949,944,28,5279,40
942,945,54,5279,40
948,945,36,5279,40
964,945,141,5279,40
953,946,54,5279,40
961,946,106,5279,40
934,947,360,5279,40
955,947,71,5279,40
945,948,36,5279,40
950,948,50,5279,40
944,949,28,5279,40
948,950,50,5279,40
952,950,32,5279,40
921,951,270,5279,40
929,951,323,5279,40
967,951,133,5279,40
1026,951,805,5279,40
950,952,32,5279,40
954,952,48,5279,40
939,953,103,5279,40
946,953,54,5279,40
952,954,48,5279,40
959,954,79,5279,40
947,955,71,5279,40
960,955,33,5279,40
955,956,27,5279,40
973,956,316,5279,40
920,957,575,5279,40
931,957,217,5279,40
995,957,487,5279,40
932,958,218,5279,40
963,958,43,5279,40
1184,958,2266,5279,40
954,959,79,5279,40
962,959,30,5279,40
955,960,33,5279,40
956,960,51,5279,40
988,960,367,5279,40
953,961,52,5279,40
973,961,112,5279,40
978,961,150,5279,40
959,962,30,5279,40
965,962,129,5279,40
958,963,43,5279,40
987,963,181,5279,40
912,964,804,5279,40
945,964,141,5279,40
1010,964,266,5279,40
1039,964,805,5279,40
962,965,129,5279,40
966,965,30,5279,40
965,966,30,5279,40
968,966,23,5279,40
943,967,322,5279,40
951,967,133,5279,40
986,967,140,5279,40
1020,967,482,5279,40
966,968,23,5279,40
969,968,27,5279,40
943,969,193,5279,40
968,969,27,5279,40
971,969,32,5279,40
980,969,89,5279,40
939,970,246,5279,40
972,970,18,5279,40
978,970,170,5279,40
981,970,166,5279,40
969,971,32,5279,40
982,971,262,5279,40
921,972,804,5279,40
970,972,18,5279,40
1026,972,270,5279,40
937,973,294,5279,40
956,973,316,5279,40
961,973,112,5279,40
975,973,60,5279,40
990,973,100,5279,40
941,974,259,5279,40
977,974,15,5279,40
1052,974,804,5279,40
973,975,60,5279,40
978,975,39,5279,40
922,976,1109,25343,64
936,976,646,8447,64
904,977,1212,5279,40
974,977,15,5279,40
985,977,58,15839,40
961,978,150,5279,40
975,978,39,5279,40
981,978,34,5279,40
1022,979,294,8447,64
1233,979,2400,8447,64
945,980,481,5279,40
969,980,89,5279,40
1008,980,327,5279,40
984,981,18,5279,40
990,981,75,5279,40
971,982,262,5279,40
986,982,33,5279,40
976,983,387,16895,64
972,984,167,5279,40
977,985,58,15839,40
996,985,53,5279,40
967,986,140,5279,40
982,986,33,5279,40
991,986,37,5279,40
1008,986,88,5279,40
931,987,808,5279,40
963,987,181,5279,40
1001,987,64,5279,40
960,988,367,5279,40
992,988,54,5279,40
999,988,62,5279,40
998,989,118,5279,40
1023,989,442,5279,40
973,990,100,5279,40
993,990,18,5279,40
998,990,80,5279,40
986,991,37,5279,40
1005,991,97,5279,40
988,992,54,5279,40
999,992,85,5279,40
1000,992,79,5279,40
984,993,76,5279,40
990,993,18,5279,40
997,994,248,5279,40
1001,994,78,5279,40
957,995,487,5279,40
997,995,39,5279,40
985,996,53,5279,40
1028,996,151,5279,40
994,997,248,5279,40
995,997,39,5279,40
989,998,118,5279,40
1007,998,18,5279,40
1047,998,491,5279,40
988,999,62,5279,40
1023,999,105,5279,40
992,1000,79,5279,40
1004,1000,124,5279,40
987,1001,64,5279,40
1011,1001,28,5279,40
1057,1001,403,5279,40
979,1002,272,8447,64
837,1003,2718,25343,64
839,1003,2566,5279,40
1000,1004,124,5279,40
1006,1004,55,5279,40
1018,1004,325,8447,64
991,1005,97,5279,40
1009,1005,29,5279,40
1004,1006,55,5279,40
1012,1006,167,5279,40
993,1007,79,5279,40
998,1007,18,5279,40
986,1008,88,5279,40
1027,1008,89,5279,40
1076,1008,775,5279,40
1005,1009,29,5279,40
1017,1009,79,5279,40
964,1010,266,5279,40
1013,1010,13,5279,40
1093,1010,805,5279,40
994,1011,79,5279,40
1001,1011,28,5279,40
1003,1011,217,8447,64
983,1012,98,8447,64
1002,1012,77,8447,64
1006,1012,167,5279,40
1015,1012,79,5279,40
941,1013,803,5279,40
1010,1013,13,5279,40
1052,1013,261,5279,40
1016,1014,157,5279,40
1002,1015,38,8447,64
1012,1015,79,5279,40
1016,1015,38,5279,40
1015,1016,38,5279,40
1009,1017,79,5279,40
1019,1017,52,5279,40
1043,1018,542,5279,40
1050,1018,521,8447,64
1017,1019,52,5279,40
1024,1019,28,5279,40
967,1020,482,5279,40
1034,1020,92,5279,40
976,1021,557,8447,64
1000,1021,486,8447,64
1006,1021,308,8447,64
983,1022,576,16895,64
1014,1022,281,8447,64
989,1023,442,5279,40
999,1023,105,5279,40
1032,1023,227,5279,40
1047,1023,184,5279,40
1019,1024,28,5279,40
1029,1024,136,5279,40
1014,1025,161,5279,40
1037,1025,302,5279,40
951,1026,805,5279,40
972,1026,270,5279,40
1044,1026,154,5279,40
1055,1026,402,5279,40
980,1027,325,5279,40
1008,1027,89,5279,40
1039,1027,96,5279,40
1101,1027,804,5279,40
996,1028,151,5279,40
1033,1028,41,5279,40
1024,1029,136,5279,40
1030,1029,25,5279,40
1029,1030,25,5279,40
1031,1030,47,5279,40
1030,1031,47,5279,40
1034,1031,32,5279,40
1023,1032,227,5279,40
1053,1032,307,5279,40
1072,1032,234,5279,40
1028,1033,41,5279,40
1042,1033,41,5279,40
1115,1033,804,5279,40
1020,1034,92,5279,40
1031,1034,32,5279,40
1035,1034,32,5279,40
1034,1035,32,5279,40
1036,1035,21,5279,40
1035,1036,21,5279,40
1038,1036,28,5279,40
1025,1037,302,5279,40
1041,1037,15,5279,40
1036,1038,28,5279,40
1044,1038,167,5279,40
964,1039,805,5279,40
1027,1039,96,5279,40
1073,1039,357,5279,40
1093,1039,267,5279,40
1021,1040,323,8447,64
1037,1041,15,5279,40
1046,1041,77,5279,40
1048,1041,69,5279,40
1033,1042,41,5279,40
1051,1042,80,5279,40
1045,1043,58,5279,40
1026,1044,154,5279,40
1038,1044,167,5279,40
1058,1044,98,5279,40
1067,1044,415,5279,40
1037,1045,69,5279,40
1048,1045,11,5279,40
1041,1046,77,5279,40
1023,1047,184,5279,40
1049,1047,18,5279,40
1072,1047,241,5279,40
1043,1048,69,5279,40
1045,1048,11,5279,40
1050,1048,100,5279,40
1060,1048,84,5279,40
1007,1049,491,5279,40
1047,1049,18,5279,40
1069,1049,110,5279,40
1082,1050,188,8447,64
1042,1051,80,5279,40
1056,1051,34,5279,40
1013,1052,261,5279,40
1054,1052,14,5279,40
1137,1052,805,5279,40
1032,1053,307,5279,40
1059,1053,158,5279,40
977,1054,804,5279,40
1052,1054,14,5279,40
1115,1054,304,5279,40
1026,1055,402,5279,40
1062,1055,80,5279,40
882,1056,2266,5279,40
1051,1056,34,5279,40
1065,1056,50,5279,40
1129,1057,646,25343,64
1044,1058,98,5279,40
1064,1058,18,5279,40
1119,1058,632,5279,40
1053,1059,158,5279,40
1066,1059,54,5279,40
1048,1060,84,5279,40
1110,1060,170,5279,40
1017,1061,549,5279,40
1058,1061,21,5279,40
1064,1061,11,5279,40
1055,1062,80,5279,40
1067,1062,97,5279,40
1070,1062,57,5279,40
1075,1063,174,5279,40
1086,1063,82,5279,40
1058,1064,18,5279,40
1061,1064,11,5279,40
1068,1064,11,5279,40
1125,1064,497,21119,40
1056,1065,50,5279,40
1078,1065,41,5279,40
1059,1066,54,5279,40
1083,1066,153,5279,40
1044,1067,415,5279,40
1055,1067,57,5279,40
1064,1068,11,5279,40
1081,1068,42,5279,40
1049,1069,110,5279,40
1074,1069,14,5279,40
1075,1069,16,5279,40
1062,1070,57,5279,40
1063,1070,129,5279,40
1079,1070,40,5279,40
1074,1071,15,5279,40
1080,1071,19,5279,40
1085,1071,240,5279,40
1032,1072,234,5279,40
1077,1072,14,5279,40
1087,1072,116,5279,40
1039,1073,357,5279,40
1094,1073,124,5279,40
1069,1074,14,5279,40
1071,1074,15,5279,40
1075,1074,16,5279,40
1080,1074,19,5279,40
1063,1075,174,5279,40
1069,1075,16,5279,40
1074,1075,16,5279,40
1109,1075,144,5279,40
1061,1076,54,5279,40
1081,1076,31,5279,40
1049,1077,240,5279,40
1072,1077,14,5279,40
1085,1077,23,5279,40
1065,1078,41,5279,40
1091,1078,49,5279,40
1070,1079,40,5279,40
1086,1079,54,5279,40
1071,1080,19,5279,40
1074,1080,19,5279,40
1075,1080,30,5279,40
1109,1080,145,5279,40
1068,1081,42,5279,40
1076,1081,31,5279,40
1084,1081,10,5279,40
1203,1082,669,8447,64
1066,1083,153,5279,40
1090,1083,98,5279,40
1081,1084,10,5279,40
1154,1084,381,5279,40
1071,1085,240,5279,40
1077,1085,23,5279,40
1108,1085,107,5279,40
1079,1086,54,5279,40
1100,1086,84,5279,40
1119,1086,192,5279,40
1088,1087,45,5279,40
1089,1087,39,5279,40
1077,1088,77,5279,40
1085,1088,81,5279,40
1087,1089,39,5279,40
1098,1089,214,5279,40
1107,1089,87,5279,40
1040,1090,236,8447,40
1083,1090,98,5279,40
1092,1090,9,5279,40
1078,1091,49,5279,40
1099,1091,27,5279,40
1173,1091,761,5279,40
1090,1092,9,5279,40
1096,1092,56,5279,40
1039,1093,267,5279,40
1095,1093,13,5279,40
1102,1093,85,5279,40
1073,1094,124,5279,40
1106,1094,66,5279,40
1121,1094,321,5279,40
1013,1095,805,5279,40
1093,1095,13,5279,40
1104,1095,41,5279,40
1092,1096,56,5279,40
1097,1096,6,5279,40
1096,1097,6,5279,40
1103,1097,77,5279,40
1124,1097,166,10559,40
1089,1098,214,5279,40
1112,1098,363,5279,40
903,1099,2351,5279,40
1091,1099,27,5279,40
1105,1099,31,5279,40
1086,1100,84,5279,40
1109,1100,83,5279,40
1027,1101,804,5279,40
1121,1101,134,5279,40
1111,1102,78,5279,40
1097,1103,77,5279,40
1110,1103,108,5279,40
1095,1104,41,5279,40
1137,1104,224,5279,40
1099,1105,31,5279,40
1118,1105,110,5279,40
1073,1106,140,5279,40
1147,1106,256,5279,40
1088,1107,155,5279,40
1163,1107,565,5279,40
1080,1108,222,5279,40
1085,1108,107,5279,40
1126,1108,141,5279,40
1187,1108,797,5279,40
1075,1109,144,5279,40
1100,1109,83,5279,40
1122,1109,200,5279,40
1131,1109,160,5279,40
1060,1110,170,5279,40
1103,1110,108,5279,40
1117,1110,283,5279,40
1143,1110,198,5279,40
1102,1111,78,5279,40
1120,1111,159,5279,40
1098,1112,363,5279,40
1113,1112,17,5279,40
1112,1113,17,5279,40
1114,1113,79,5279,40
1090,1114,131,15839,40
1113,1114,79,5279,40
1116,1114,7,21119,40
1054,1115,304,5279,40
1136,1115,130,5279,40
1141,1115,257,5279,40
1114,1116,7,21119,40
1123,1116,70,21119,40
1110,1117,283,5279,40
1127,1117,198,5279,40
1105,1118,110,5279,40
1130,1118,67,5279,40
1058,1119,632,5279,40
1086,1119,192,5279,40
1131,1119,176,5279,40
1111,1120,159,5279,40
1128,1120,79,5279,40
1094,1121,321,5279,40
1101,1121,134,5279,40
1142,1121,200,5279,40
1162,1121,200,5279,40
1109,1122,200,5279,40
1126,1122,51,5279,40
1138,1122,172,5279,40
1116,1123,70,21119,40
1124,1123,7,21119,40
1123,1124,7,21119,40
1146,1124,105,5279,40
1152,1124,173,21119,40
1064,1125,497,21119,40
1167,1125,295,16895,64
1108,1126,141,5279,40
1122,1126,51,5279,40
1179,1126,389,5279,40
1117,1127,198,5279,40
1153,1127,246,5279,40
1120,1128,79,5279,40
1140,1128,117,5279,40
1219,1129,617,8447,64
1237,1129,717,25343,64
1118,1130,67,5279,40
1135,1130,41,5279,40
1109,1131,160,5279,40
1119,1131,176,5279,40
1138,1131,108,5279,40
1174,1132,478,5279,40
1176,1132,160,5279,40
1098,1133,445,5279,40
1114,1133,122,5279,40
1134,1133,7,5279,40
1133,1134,7,5279,40
1145,1134,66,5279,40
1130,1135,41,5279,40
1150,1135,45,5279,40
1115,1136,130,5279,40
1144,1136,27,5279,40
1054,1137,805,5279,40
1104,1137,224,5279,40
1156,1137,76,5279,40
1122,1138,172,5279,40
1131,1138,108,5279,40
1095,1139,481,5279,40
1128,1140,117,5279,40
1148,1140,35,5279,40
1155,1140,121,5279,40
1115,1141,257,5279,40
1151,1141,69,5279,40
1121,1142,200,5279,40
1149,1142,36,5279,40
1110,1143,198,5279,40
1152,1143,32,5279,40
1056,1144,805,5279,40
1136,1144,27,5279,40
1171,1144,288,8447,64
1134,1145,66,5279,40
1146,1145,7,5279,40
1145,1146,7,5279,40
1169,1146,167,5279,40
1178,1146,119,5279,40
1106,1147,256,5279,40
1168,1147,91,5279,40
1139,1148,73,5279,40
1140,1148,35,5279,40
1162,1148,259,5279,40
1142,1149,36,5279,40
1157,1149,87,5279,40
1172,1149,134,8447,64
932,1150,2353,5279,40
1135,1150,45,5279,40
1192,1150,216,5279,40
1141,1151,69,5279,40
1183,1151,401,5279,40
1124,1152,173,21119,40
1143,1152,32,5279,40
1159,1152,36,5279,40
1176,1152,223,21119,40
1127,1153,246,5279,40
1174,1153,74,5279,40
1084,1154,381,5279,40
1165,1154,39,5279,40
1147,1155,98,5279,40
1160,1155,25,5279,40
1168,1155,147,5279,40
1137,1156,76,5279,40
1180,1156,85,5279,40
1125,1157,304,5279,40
1149,1157,87,5279,40
1167,1157,514,5279,40
987,1158,1617,5279,40
1198,1158,217,5279,40
1152,1159,36,5279,40
1169,1159,37,5279,40
1139,1160,160,5279,40
1155,1160,25,5279,40
1142,1161,145,5279,40
1121,1162,200,5279,40
1148,1162,259,5279,40
1161,1162,145,5279,40
1107,1163,565,5279,40
1133,1163,118,5279,40
1166,1163,7,5279,40
1160,1164,107,5279,40
1154,1165,39,5279,40
1170,1165,18,5279,40
1163,1166,7,5279,40
1177,1166,65,5279,40
1186,1167,155,16895,64
1165,1168,32,5279,40
1175,1168,11,5279,40
1146,1169,167,5279,40
1159,1169,37,5279,40
1181,1169,37,5279,40
1207,1169,475,5279,40
1165,1170,18,5279,40
1175,1170,17,5279,40
1182,1170,35,5279,40
1200,1171,643,5279,40
1202,1171,613,8447,64
1242,1171,950,16895,64
1151,1172,1636,8447,64
1171,1172,2270,25343,64
1183,1173,847,25343,64
1132,1174,478,5279,40
1153,1174,74,5279,40
1164,1175,55,5279,40
1182,1175,23,5279,40
1132,1176,160,5279,40
1152,1176,223,21119,40
1191,1176,250,21119,40
1166,1177,65,5279,40
1178,1177,8,5279,40
1177,1178,8,5279,40
1188,1178,167,5279,40
1196,1178,134,5279,40
1126,1179,389,5279,40
1190,1179,166,5279,40
1156,1180,85,5279,40
1169,1181,37,5279,40
1188,1181,82,5279,40
1164,1182,70,5279,40
1170,1182,35,5279,40
1161,1183,1203,8447,64
1186,1183,2084,25343,64
1192,1184,86,5279,40
1022,1185,1576,16895,64
1046,1185,1293,8447,64
1215,1186,977,16895,64
1220,1186,988,8447,64
1291,1186,2557,8447,64
1293,1186,2553,16895,64
1108,1187,797,5279,40
1163,1187,135,5279,40
1189,1187,8,5279,40
1178,1188,167,5279,40
1181,1188,82,5279,40
1199,1188,83,5279,40
1231,1188,475,5279,40
1187,1189,8,5279,40
1195,1189,65,5279,40
1179,1190,166,5279,40
1205,1190,242,5279,40
1222,1190,247,8447,64
1176,1191,250,21119,40
1201,1191,298,21119,40
1207,1191,140,5279,40
1150,1192,216,5279,40
1194,1192,17,5279,40
1200,1192,163,5279,40
1040,1193,757,8447,64
1192,1194,17,5279,40
1223,1194,195,5279,40
1189,1195,65,5279,40
1196,1195,7,5279,40
1195,1196,7,5279,40
1204,1196,168,5279,40
1214,1196,141,5279,40
1125,1197,593,8447,64
1157,1197,795,8447,64
1172,1197,967,25343,64
1158,1198,217,5279,40
1209,1198,101,5279,40
1188,1199,83,5279,40
1204,1199,50,5279,40
1150,1200,269,5279,40
1202,1200,44,5279,40
1191,1201,298,21119,40
1221,1201,265,21119,40
1259,1201,374,5279,40
1210,1202,92,5279,40
1228,1203,148,8447,64
1236,1203,231,8447,64
1196,1204,168,5279,40
1199,1204,50,5279,40
1212,1204,33,5279,40
1248,1204,475,5279,40
1187,1205,141,5279,40
1190,1205,242,5279,40
1206,1205,9,5279,40
1205,1206,9,5279,40
1211,1206,31,5279,40
1169,1207,475,5279,40
1231,1207,119,5279,40
1257,1207,465,5279,40
1185,1208,450,33791,64
1198,1209,101,5279,40
1216,1209,30,31679,40
1099,1210,575,5279,40
1173,1210,699,16895,64
1206,1211,31,5279,40
1213,1211,32,5279,40
1218,1211,34,8447,64
1204,1212,33,5279,40
1225,1212,65,5279,40
1211,1213,32,5279,40
1214,1213,8,5279,40
1213,1214,8,5279,40
1228,1214,119,5279,40
1193,1215,158,8447,64
1209,1216,30,31679,40
1219,1216,9,5279,40
1158,1217,636,5279,40
1211,1218,34,8447,64
1220,1218,17,8447,64
1216,1219,9,5279,40
1237,1219,109,8447,64
1218,1220,17,8447,64
1236,1220,145,8447,64
1201,1221,265,21119,40
1224,1221,42,21119,40
1215,1222,65,8447,64
1194,1223,195,5279,40
1227,1223,18,5279,40
1242,1223,111,5279,40
1221,1224,42,21119,40
1226,1224,38,21119,40
1232,1224,36,5279,40
1212,1225,65,5279,40
1234,1225,41,15839,40
1224,1226,38,21119,40
1232,1226,36,5279,40
1241,1226,255,21119,40
1217,1227,97,5279,40
1223,1227,18,5279,40
1214,1228,119,5279,40
1230,1228,9,5279,40
1221,1229,40,5279,40
1224,1229,20,5279,40
1228,1230,9,5279,40
1234,1230,41,5279,40
1188,1231,475,5279,40
1247,1231,234,5279,40
1248,1231,134,5279,40
1224,1232,36,5279,40
1235,1232,12,5279,40
1238,1233,55,5279,40
1225,1234,41,15839,40
1230,1234,41,5279,40
1239,1234,82,5279,40
1229,1235,40,5279,40
1232,1235,12,5279,40
1272,1235,510,5279,40
1197,1236,762,16895,64
1227,1237,778,8447,64
1240,1237,857,16895,64
1208,1238,143,8447,64
1256,1238,194,5279,40
1234,1239,82,5279,40
1244,1239,65,5279,40
1210,1240,338,25343,64
1226,1241,255,21119,40
1245,1241,37,21119,40
1251,1242,297,16895,64
1252,1243,160,5279,40
1239,1244,65,5279,40
1254,1244,237,5279,40
1241,1245,37,21119,40
1246,1245,54,21119,40
1249,1245,57,5279,40
1245,1246,54,21119,40
1249,1246,56,5279,40
1264,1246,347,21119,40
1231,1247,234,5279,40
1253,1247,161,5279,40
1204,1248,475,5279,40
1261,1248,141,5279,40
1265,1248,552,5279,40
1241,1249,86,5279,40
1245,1249,57,5279,40
1269,1249,316,5279,40
1003,1250,2222,25343,64
1011,1250,2034,8447,64
1250,1251,209,25343,64
1243,1252,160,5279,40
1263,1252,82,5279,40
1247,1253,161,5279,40
1255,1253,37,5279,40
1244,1254,237,5279,40
1260,1254,70,5279,40
1253,1255,37,5279,40
1257,1255,16,5279,40
1238,1256,194,5279,40
1263,1256,69,5279,40
1266,1256,98,5279,40
1207,1257,465,5279,40
1255,1257,16,5279,40
1258,1257,24,5279,40
1257,1258,24,5279,40
1259,1258,40,5279,40
1265,1258,81,5279,40
1201,1259,374,5279,40
1258,1259,40,5279,40
1275,1259,535,5279,40
1278,1259,560,5279,40
1281,1259,562,5279,40
1254,1260,70,5279,40
1261,1260,15,5279,40
1260,1261,15,5279,40
1267,1261,235,5279,40
1256,1262,31,5279,40
1252,1263,82,5279,40
1266,1263,99,5279,40
1270,1263,251,5279,40
1246,1264,347,21119,40
1262,1264,41,5279,40
1266,1264,52,21119,40
1248,1265,552,5279,40
1258,1265,81,5279,40
1277,1265,236,5279,40
1262,1266,67,5279,40
1264,1266,52,21119,40
1268,1266,124,5279,40
1276,1266,211,21119,40
1261,1267,235,5279,40
1277,1267,336,5279,40
1266,1268,124,5279,40
1269,1268,117,5279,40
1285,1268,210,5279,40
1249,1269,316,5279,40
1268,1269,117,5279,40
1271,1269,122,5279,40
1288,1269,210,5279,40
1263,1270,251,5279,40
1276,1270,176,5279,40
1287,1270,177,5279,40
1269,1271,122,5279,40
1279,1271,116,5279,40
1290,1271,210,5279,40
1235,1272,510,5279,40
1274,1272,22,5279,40
1279,1272,52,5279,40
1272,1273,9,5279,40
1229,1274,550,5279,40
1273,1275,10,5279,40
1274,1275,18,5279,40
1266,1276,211,21119,40
1270,1276,176,5279,40
1285,1276,119,5279,40
1292,1276,177,21119,40
1265,1277,236,5279,40
1267,1277,336,5279,40
1273,1278,33,5279,40
1275,1278,26,5279,40
1279,1278,14,5279,40
1271,1279,116,5279,40
1280,1279,10,5279,40
1286,1279,59,5279,40
1296,1279,212,5279,40
1278,1280,10,5279,40
1279,1280,10,5279,40
1281,1280,13,5279,40
1280,1281,13,5279,40
1282,1281,5,5279,40
1281,1282,5,5279,40
1283,1282,37,5279,40
1282,1283,37,5279,40
1289,1283,214,5279,40
1280,1284,30,5279,40
1268,1285,210,5279,40
1276,1285,119,5279,40
1288,1285,118,5279,40
1299,1285,177,5279,40
1284,1286,28,5279,40
1298,1286,153,5279,40
1270,1287,177,5279,40
1292,1287,179,5279,40
1301,1287,176,5279,40
1269,1288,210,5279,40
1285,1288,118,5279,40
1290,1288,121,5279,40
1302,1288,176,5279,40
1283,1289,214,5279,40
1293,1289,56,5279,40
1295,1289,43,5279,40
1271,1290,210,5279,40
1288,1290,121,5279,40
1296,1290,113,5279,40
1304,1290,177,5279,40
1289,1291,41,5279,40
1276,1292,177,21119,40
1287,1292,179,5279,40
1299,1292,117,5279,40
1305,1292,177,21119,40
1291,1293,16,5279,40
1294,1293,15,16895,64
1295,1293,24,16895,64
1197,1294,2401,16895,64
1297,1295,49,5279,40
1290,1296,113,5279,40
1298,1296,8,5279,40
1308,1296,177,5279,40
1293,1297,73,5279,40
1294,1297,83,5279,40
1312,1297,354,5279,40
1286,1298,153,5279,40
1296,1298,8,5279,40
1300,1298,9,5279,40
1310,1298,178,5279,40
1285,1299,177,5279,40
1292,1299,117,5279,40
1302,1299,118,5279,40
1309,1299,177,5279,40
1282,1300,213,5279,40
1284,1300,181,5279,40
1298,1300,9,5279,40
1287,1301,176,5279,40
1303,1301,81,5279,40
1306,1301,132,5279,40
1288,1302,176,5279,40
1299,1302,118,5279,40
1304,1302,122,5279,40
1316,1302,177,5279,40
1301,1303,81,5279,40
1305,1303,98,5279,40
1290,1304,177,5279,40
1302,1304,122,5279,40
1308,1304,113,5279,40
1324,1304,177,5279,40
1292,1305,177,21119,40
1303,1305,98,5279,40
1307,1305,74,5279,40
1320,1305,131,21119,40
1301,1306,132,5279,40
1320,1306,218,5279,40
1325,1306,183,5279,40
1305,1307,74,5279,40
1309,1307,41,5279,40
1304,1308,113,5279,40
1310,1308,8,5279,40
1319,1308,85,5279,40
1299,1309,177,5279,40
1307,1309,41,5279,40
1313,1309,38,5279,40
1326,1309,131,5279,40
1298,1310,178,5279,40
1308,1310,8,5279,40
1311,1310,9,5279,40
1321,1310,86,5279,40
1300,1311,177,5279,40
1310,1311,9,5279,40
1314,1311,53,5279,40
1297,1312,354,5279,40
1314,1312,39,5279,40
1309,1313,38,5279,40
1315,1313,38,5279,40
1311,1314,53,5279,40
1312,1314,39,5279,40
1317,1314,72,5279,40
1330,1314,180,5279,40
1313,1315,38,5279,40
1316,1315,41,5279,40
1302,1316,177,5279,40
1315,1316,41,5279,40
1318,1316,38,5279,40
1328,1316,131,5279,40
1314,1317,72,5279,40
1316,1318,38,5279,40
1324,1318,83,5279,40
1308,1319,85,5279,40
1322,1319,38,5279,40
1305,1320,131,21119,40
1306,1320,218,5279,40
1326,1320,103,5279,40
1332,1320,127,5279,40
1340,1320,383,21119,40
1310,1321,86,5279,40
1323,1321,43,5279,40
1319,1322,38,5279,40
1327,1322,85,5279,40
1321,1323,43,5279,40
1327,1323,84,5279,40
1304,1324,177,5279,40
1318,1324,83,5279,40
1327,1324,52,5279,40
1331,1324,84,5279,40
1306,1325,183,5279,40
1329,1325,81,5279,40
1309,1326,131,5279,40
1320,1326,103,5279,40
1328,1326,118,5279,40
1332,1326,75,5279,40
1311,1327,208,5279,40
1317,1327,163,5279,40
1322,1327,85,5279,40
1323,1327,84,5279,40
1324,1327,52,5279,40
1331,1327,83,5279,40
1337,1327,180,5279,40
1316,1328,131,5279,40
1326,1328,118,5279,40
1333,1328,90,5279,40
1335,1328,129,5279,40
1325,1329,81,5279,40
1336,1329,163,5279,40
1314,1330,180,5279,40
1337,1330,243,5279,40
1324,1331,84,5279,40
1327,1331,83,5279,40
1333,1331,59,5279,40
1320,1332,127,5279,40
1326,1332,75,5279,40
1338,1332,131,5279,40
1328,1333,90,5279,40
1331,1333,59,5279,40
1334,1333,53,5279,40
1333,1334,53,5279,40
1335,1334,103,5279,40
1328,1335,129,5279,40
1334,1335,103,5279,40
1338,1335,27,5279,40
1329,1336,163,5279,40
1345,1336,294,5279,40
1327,1337,180,5279,40
1330,1337,243,5279,40
1339,1337,115,5279,40
1332,1338,131,5279,40
1335,1338,27,5279,40
1341,1338,321,5279,40
1337,1339,115,5279,40
1344,1339,163,5279,40
1320,1340,383,21119,40
1341,1340,66,5279,40
1343,1340,154,21119,40
1338,1341,321,5279,40
1340,1341,66,5279,40
1342,1341,85,5279,40
1347,1341,177,5279,40
1341,1342,85,5279,40
1340,1343,154,21119,40
1345,1343,53,10559,40
1339,1344,163,5279,40
1336,1345,294,5279,40
1346,1345,12,5279,40
1342,1346,118,5279,40
1343,1346,58,10559,40
1345,1346,12,5279,40
1348,1346,176,5279,40
1341,1347,177,5279,40
1348,1347,205,5279,40
1346,1348,176,5279,40
1347,1348,205,5279,40
1350,1348,272,5279,40
1346,1349,258,10559,40
1350,1349,15,5279,40
1348,1350,272,5279,40
1349,1350,15,5279,40
