origin,destination,volume
20,31,144
20,41,180
20,57,108
20,65,132
20,72,72
20,83,60
20,84,96
20,87,240
20,101,60
20,113,144
20,141,36
20,146,180
20,167,36
20,183,24
20,187,72
20,193,96
20,229,12
20,234,72
20,237,60
20,241,12
20,263,36
20,269,120
20,292,24
20,312,12
20,314,24
20,325,72
20,332,36
20,347,60
20,350,12
20,353,48
20,360,24
20,371,24
20,375,24
20,387,12
20,391,48
20,397,36
20,399,12
20,401,24
20,425,12
20,448,12
20,453,36
20,456,108
20,476,36
20,478,24
20,493,12
20,495,12
20,497,12
20,501,24
20,502,12
20,511,12
20,517,36
20,536,12
20,539,36
20,546,12
20,550,12
20,557,24
20,558,12
20,562,12
20,567,24
20,568,36
20,579,12
20,605,24
20,607,12
20,632,24
20,644,24
20,654,12
20,680,12
20,694,12
20,702,12
20,706,12
20,722,12
20,735,12
20,741,12
20,760,24
20,778,12
20,782,12
20,784,12
20,791,12
20,813,12
20,834,12
20,851,12
20,852,12
20,860,12
20,881,12
20,933,12
20,958,12
20,1034,12
31,20,120
31,41,96
31,57,48
31,65,120
31,72,48
31,83,36
31,84,120
31,87,108
31,101,84
31,113,108
31,141,12
31,146,108
31,167,24
31,183,24
31,187,96
31,193,60
31,229,12
31,234,72
31,237,36
31,241,12
31,263,24
31,269,72
31,292,24
31,312,36
31,314,48
31,325,72
31,332,36
31,347,48
31,350,24
31,353,48
31,360,24
31,371,24
31,375,12
31,387,12
31,391,48
31,397,12
31,399,12
31,401,36
31,406,12
31,425,36
31,448,24
31,453,12
31,456,108
31,476,36
31,478,48
31,493,12
31,495,24
31,497,12
31,501,24
31,502,12
31,511,12
31,517,12
31,536,12
31,539,12
31,546,12
31,550,24
31,557,36
31,558,12
31,567,12
31,568,12
31,570,12
31,579,12
31,607,24
31,632,24
31,644,12
31,654,48
31,680,12
31,694,12
31,699,12
31,702,12
31,706,12
31,722,12
31,760,12
31,778,12
31,782,12
31,784,24
31,791,12
31,813,36
31,820,36
31,852,12
31,860,24
31,881,24
31,899,60
31,933,24
31,952,12
31,958,12
31,996,12
31,1034,12
41,20,120
41,31,96
41,57,108
41,65,48
41,72,60
41,83,12
41,84,108
41,87,108
41,101,72
41,113,60
41,141,12
41,146,108
41,167,12
41,183,12
41,187,132
41,193,24
41,229,12
41,234,60
41,237,72
41,241,12
41,263,36
41,269,60
41,292,36
41,312,36
41,314,96
41,325,120
41,332,12
41,347,60
41,350,24
41,353,48
41,360,24
41,371,24
41,375,24
41,387,60
41,391,48
41,397,24
41,399,24
41,401,48
41,406,12
41,425,48
41,448,12
41,453,12
41,456,144
41,476,36
41,478,72
41,493,12
41,501,24
41,502,12
41,511,12
41,517,36
41,536,72
41,539,60
41,546,12
41,550,12
41,557,84
41,558,24
41,562,36
41,567,24
41,568,24
41,570,12
41,579,36
41,605,12
41,607,96
41,632,48
41,644,12
41,654,24
41,680,12
41,694,36
41,699,36
41,702,24
41,706,12
41,722,36
41,735,12
41,741,12
41,760,12
41,782,12
41,784,48
41,799,12
41,813,24
41,820,60
41,834,12
41,851,24
41,852,24
41,860,48
41,878,36
41,881,24
41,883,12
41,899,60
41,933,12
41,936,12
41,952,12
41,958,24
41,996,24
41,1034,12
57,20,84
57,31,36
57,41,12
57,65,72
57,72,84
57,83,12
57,84,72
57,87,24
57,101,24
57,113,60
57,141,24
57,146,84
57,167,60
57,183,36
57,187,36
57,193,72
57,229,12
57,234,36
57,237,36
57,241,24
57,263,72
57,269,60
57,292,12
57,312,12
57,314,48
57,325,36
57,332,12
57,347,24
57,350,24
57,353,36
57,360,36
57,371,24
57,375,12
57,387,12
57,391,36
57,397,24
57,399,12
57,401,24
57,406,12
57,448,12
57,453,12
57,456,12
57,476,12
57,478,24
57,493,12
57,495,12
57,497,12
57,501,24
57,502,12
57,511,36
57,517,12
57,539,48
57,546,12
57,550,12
57,557,12
57,558,12
57,562,12
57,567,24
57,568,36
57,570,12
57,579,12
57,605,12
57,607,36
57,632,12
57,644,24
57,654,36
57,680,12
57,694,12
57,699,24
57,702,24
57,706,12
57,760,12
57,778,12
57,782,12
57,784,12
57,791,12
57,799,12
57,813,24
57,820,12
57,834,12
57,851,12
57,852,12
57,860,12
57,878,12
57,881,36
57,883,12
57,899,12
57,936,12
57,952,12
65,20,96
65,31,84
65,41,12
65,57,48
65,72,120
65,83,36
65,84,108
65,87,168
65,101,12
65,113,60
65,141,12
65,146,108
65,167,48
65,183,12
65,187,84
65,193,60
65,234,36
65,237,60
65,241,24
65,263,24
65,269,108
65,292,48
65,312,12
65,314,24
65,325,96
65,332,24
65,347,24
65,350,12
65,353,60
65,360,12
65,371,24
65,375,12
65,387,24
65,391,36
65,397,24
65,399,12
65,401,12
65,425,12
65,448,24
65,453,12
65,456,12
65,476,24
65,478,60
65,493,12
65,495,12
65,497,12
65,501,12
65,502,12
65,511,12
65,517,36
65,536,12
65,539,24
65,546,12
65,550,12
65,557,24
65,558,12
65,562,12
65,568,24
65,579,12
65,605,12
65,607,12
65,644,36
65,654,12
65,680,12
65,694,12
65,699,12
65,702,12
65,706,12
65,722,12
65,735,12
65,741,12
65,760,12
65,778,12
65,782,12
65,784,12
65,799,12
65,813,12
65,852,12
65,860,12
65,881,12
65,883,12
65,899,12
65,936,24
65,958,12
65,1034,12
72,20,132
72,31,48
72,41,36
72,57,48
72,65,96
72,83,48
72,84,120
72,87,228
72,101,48
72,113,84
72,141,48
72,146,288
72,167,60
72,183,84
72,187,72
72,193,204
72,229,72
72,234,96
72,237,156
72,241,60
72,263,144
72,269,144
72,292,36
72,312,24
72,314,60
72,325,72
72,332,48
72,347,84
72,350,36
72,353,108
72,360,48
72,371,12
72,375,60
72,387,24
72,391,84
72,397,96
72,399,48
72,401,84
72,406,12
72,425,84
72,448,60
72,453,36
72,456,48
72,476,72
72,478,60
72,493,24
72,495,36
72,497,12
72,501,84
72,502,96
72,511,60
72,517,12
72,536,36
72,539,72
72,546,36
72,550,72
72,557,36
72,558,12
72,562,24
72,567,48
72,568,48
72,579,12
72,605,12
72,607,12
72,632,12
72,644,36
72,654,24
72,680,24
72,694,12
72,699,12
72,702,84
72,706,12
72,722,24
72,735,24
72,741,60
72,760,24
72,778,24
72,782,12
72,784,12
72,791,24
72,799,12
72,813,60
72,820,12
72,834,36
72,851,36
72,852,36
72,860,12
72,878,12
72,881,12
72,883,12
72,899,24
72,936,12
72,952,12
72,958,12
72,996,12
83,20,72
83,31,24
83,41,60
83,57,36
83,65,36
83,72,36
83,84,72
83,87,144
83,101,12
83,113,24
83,141,12
83,146,72
83,167,24
83,183,12
83,187,72
83,193,24
83,229,12
83,234,24
83,237,36
83,241,12
83,263,12
83,269,96
83,292,12
83,312,12
83,314,24
83,325,72
83,332,36
83,347,36
83,350,12
83,353,24
83,360,24
83,371,12
83,387,24
83,391,12
83,397,12
83,401,36
83,406,12
83,425,12
83,448,12
83,453,12
83,456,72
83,476,12
83,478,36
83,493,12
83,495,12
83,497,12
83,501,12
83,502,12
83,517,12
83,536,12
83,539,24
83,546,12
83,550,12
83,557,24
83,562,12
83,567,12
83,570,12
83,605,12
83,607,12
83,632,12
83,644,12
83,654,12
83,694,12
83,699,12
83,702,12
83,722,12
83,741,12
83,760,12
83,784,12
83,813,12
83,851,12
83,852,12
83,860,12
83,878,12
83,881,12
83,883,12
83,933,12
83,952,12
83,958,12
83,996,12
84,20,120
84,31,96
84,41,108
84,57,60
84,65,120
84,72,180
84,83,36
84,87,204
84,101,60
84,113,60
84,141,12
84,146,288
84,167,48
84,183,24
84,187,96
84,193,72
84,229,24
84,234,96
84,237,96
84,263,36
84,269,144
84,292,36
84,312,36
84,314,84
84,325,132
84,332,60
84,347,120
84,350,24
84,353,72
84,360,36
84,371,72
84,375,24
84,387,24
84,391,84
84,397,24
84,399,12
84,401,48
84,406,12
84,425,48
84,448,48
84,453,24
84,456,132
84,476,36
84,478,72
84,493,12
84,495,24
84,497,12
84,501,48
84,502,36
84,511,24
84,517,36
84,536,24
84,539,96
84,546,12
84,550,36
84,557,24
84,558,12
84,562,12
84,567,36
84,568,24
84,579,12
84,605,12
84,607,12
84,632,24
84,644,24
84,654,12
84,680,36
84,694,24
84,699,12
84,702,36
84,706,36
84,722,24
84,735,24
84,741,24
84,778,12
84,782,24
84,784,12
84,791,24
84,799,12
84,813,12
84,820,24
84,834,12
84,851,12
84,852,12
84,860,12
84,881,24
84,933,12
84,936,12
84,952,12
84,958,24
84,996,12
84,1034,12
87,20,168
87,31,108
87,41,72
87,57,36
87,65,180
87,72,288
87,83,108
87,84,144
87,101,36
87,113,216
87,141,60
87,146,276
87,167,132
87,183,36
87,187,144
87,193,288
87,229,72
87,234,144
87,237,180
87,241,24
87,263,72
87,269,300
87,292,108
87,312,60
87,314,84
87,325,96
87,332,96
87,347,132
87,350,72
87,353,204
87,360,120
87,371,48
87,375,72
87,387,36
87,391,168
87,397,36
87,399,48
87,401,24
87,406,12
87,425,108
87,448,72
87,453,36
87,456,120
87,476,72
87,478,180
87,493,48
87,495,24
87,497,12
87,501,60
87,502,36
87,511,36
87,517,48
87,536,48
87,539,180
87,546,12
87,550,60
87,557,36
87,558,24
87,562,12
87,567,24
87,568,12
87,570,12
87,579,12
87,605,12
87,607,24
87,632,12
87,644,72
87,654,24
87,680,36
87,694,12
87,699,36
87,702,24
87,706,36
87,722,24
87,735,12
87,741,12
87,760,12
87,778,12
87,782,24
87,784,12
87,791,12
87,813,12
87,852,12
87,860,12
87,881,24
87,883,12
87,899,12
87,933,12
87,936,12
87,952,12
87,958,12
87,1034,12
101,20,60
101,31,72
101,41,72
101,57,12
101,65,24
101,72,24
101,84,48
101,87,60
101,113,48
101,141,12
101,146,60
101,167,24
101,183,12
101,187,84
101,229,12
101,234,60
101,237,12
101,241,12
101,263,12
101,269,12
101,312,24
101,314,72
101,325,60
101,332,24
101,347,60
101,350,12
101,360,24
101,371,36
101,387,24
101,397,12
101,399,12
101,401,12
101,406,12
101,425,24
101,448,12
101,453,12
101,456,48
101,476,12
101,478,24
101,493,24
101,495,12
101,501,12
101,511,12
101,517,12
101,536,12
101,539,12
101,546,12
101,550,12
101,557,12
101,558,12
101,562,12
101,567,12
101,568,12
101,570,12
101,579,12
101,605,12
101,607,12
101,632,24
101,654,12
101,680,12
101,694,24
101,699,12
101,702,12
101,706,12
101,722,12
101,741,12
101,778,12
101,782,12
101,784,12
101,791,12
101,799,12
101,820,12
101,851,12
101,860,12
101,899,12
101,952,12
101,958,24
101,996,12
101,1034,12
113,20,72
113,31,36
113,41,12
113,57,72
113,65,108
113,72,168
113,83,12
113,84,96
113,87,192
113,101,36
113,141,24
113,146,204
113,167,48
113,187,48
113,193,24
113,229,12
113,234,84
113,237,168
113,241,24
113,263,12
113,269,168
113,292,24
113,312,36
113,314,60
113,325,144
113,332,24
113,347,72
113,350,60
113,353,48
113,360,84
113,371,96
113,375,24
113,387,24
113,391,36
113,397,12
113,399,48
113,401,12
113,406,36
113,425,24
113,448,24
113,453,36
113,456,144
113,476,24
113,478,48
113,493,24
113,495,12
113,497,24
113,501,24
113,502,36
113,511,12
113,517,36
113,536,12
113,539,24
113,550,36
113,557,48
113,558,12
113,562,24
113,567,12
113,568,24
113,570,12
113,579,60
113,605,12
113,607,24
113,632,12
113,644,24
113,654,24
113,694,12
113,699,12
113,702,24
113,706,24
113,722,12
113,735,12
113,741,12
113,784,12
113,799,24
113,813,12
113,820,12
113,834,12
113,851,12
113,852,12
113,860,12
113,878,12
113,881,12
113,883,12
113,899,36
113,933,12
113,952,12
113,958,12
113,1034,12
141,20,12
141,31,12
141,41,12
141,57,24
141,65,12
141,72,24
141,83,12
141,84,12
141,87,48
141,113,12
141,146,24
141,167,60
141,183,12
141,187,12
141,193,48
141,229,12
141,237,12
141,241,12
141,263,24
141,269,24
141,292,48
141,312,12
141,314,12
141,325,12
141,332,12
141,347,12
141,350,12
141,353,24
141,360,24
141,375,12
141,387,12
141,391,12
141,397,60
141,399,12
141,401,24
141,406,12
141,448,12
141,453,12
141,456,12
141,476,12
141,493,12
141,495,12
141,497,12
141,501,12
141,502,12
141,511,12
141,536,12
141,539,12
141,546,12
141,550,12
141,557,12
141,558,12
141,562,12
141,567,12
141,568,24
141,570,12
141,605,12
141,607,24
141,644,12
141,680,12
141,694,12
141,702,24
141,706,12
141,722,12
141,735,12
141,741,12
141,784,12
141,791,12
141,813,12
141,851,12
141,852,12
141,883,12
141,899,12
146,20,132
146,31,60
146,41,72
146,57,120
146,65,132
146,72,228
146,83,84
146,84,228
146,87,276
146,101,36
146,113,156
146,141,12
146,167,144
146,183,12
146,187,132
146,193,72
146,229,36
146,234,192
146,237,144
146,241,24
146,263,60
146,269,204
146,292,24
146,312,72
146,314,60
146,325,144
146,332,132
146,347,180
146,350,60
146,353,132
146,360,96
146,371,72
146,375,24
146,387,36
146,391,60
146,397,36
146,399,24
146,401,36
146,406,12
146,425,36
146,448,48
146,453,12
146,456,144
146,476,60
146,478,144
146,493,36
146,495,48
146,497,12
146,501,36
146,502,60
146,511,24
146,517,24
146,536,24
146,539,84
146,546,12
146,550,48
146,557,60
146,558,12
146,562,12
146,567,12
146,568,36
146,570,12
146,579,24
146,605,12
146,607,12
146,632,24
146,644,36
146,654,12
146,680,12
146,694,12
146,699,24
146,702,12
146,706,36
146,722,24
146,735,60
146,741,36
146,760,12
146,778,12
146,782,12
146,784,12
146,791,12
146,799,12
146,813,36
146,820,12
146,851,24
146,852,36
146,860,24
146,878,12
146,881,12
146,883,12
146,899,48
146,933,12
146,936,12
146,952,12
146,958,12
167,20,36
167,31,12
167,41,24
167,57,36
167,65,48
167,72,192
167,83,12
167,84,24
167,87,132
167,101,12
167,113,48
167,141,12
167,146,192
167,183,48
167,187,24
167,193,96
167,229,12
167,234,72
167,237,120
167,241,24
167,263,48
167,269,108
167,292,84
167,312,24
167,314,36
167,325,36
167,332,24
167,347,24
167,350,84
167,353,108
167,360,60
167,371,36
167,375,72
167,387,12
167,391,132
167,397,24
167,399,12
167,401,12
167,406,12
167,425,24
167,448,48
167,453,36
167,456,48
167,476,60
167,478,48
167,493,24
167,495,24
167,497,12
167,501,12
167,502,60
167,511,12
167,517,24
167,536,12
167,539,36
167,546,12
167,550,24
167,557,24
167,562,12
167,567,12
167,568,36
167,579,12
167,605,12
167,607,12
167,632,12
167,644,24
167,654,12
167,680,12
167,694,12
167,702,36
167,706,12
167,735,12
167,741,12
167,778,12
167,782,12
167,784,12
167,791,12
167,799,12
167,813,12
167,820,12
167,834,36
167,851,12
167,852,12
167,860,12
167,899,12
167,933,12
167,936,12
167,952,24
167,958,12
167,996,12
167,1034,12
183,20,12
183,31,12
183,41,24
183,57,48
183,65,24
183,72,108
183,83,12
183,84,24
183,87,144
183,113,24
183,141,12
183,146,132
183,167,48
183,187,12
183,193,12
183,229,24
183,234,24
183,237,48
183,241,36
183,263,36
183,269,60
183,292,36
183,312,24
183,314,12
183,325,12
183,347,24
183,350,12
183,353,24
183,360,24
183,371,12
183,375,84
183,387,12
183,391,48
183,397,36
183,399,24
183,401,36
183,406,12
183,425,12
183,448,24
183,453,24
183,456,12
183,478,12
183,493,12
183,495,24
183,497,12
183,501,24
183,502,24
183,511,12
183,517,12
183,536,12
183,539,60
183,546,12
183,550,12
183,557,12
183,558,12
183,567,12
183,568,36
183,570,12
183,579,36
183,605,12
183,607,12
183,644,12
183,654,12
183,680,12
183,699,12
183,702,24
183,706,24
183,735,12
183,741,12
183,760,12
183,778,12
183,782,12
183,784,12
183,813,12
183,834,12
183,851,12
183,852,24
183,860,12
183,881,24
183,958,12
183,996,12
187,20,72
187,31,60
187,41,72
187,57,24
187,65,60
187,72,96
187,83,36
187,84,72
187,87,120
187,101,72
187,113,60
187,141,12
187,146,132
187,167,36
187,183,12
187,193,24
187,229,12
187,234,72
187,237,36
187,241,12
187,263,12
187,269,60
187,292,12
187,312,36
187,314,108
187,325,120
187,332,48
187,347,60
187,350,24
187,353,24
187,360,36
187,371,96
187,375,12
187,387,48
187,391,36
187,397,36
187,399,24
187,401,12
187,406,36
187,425,12
187,448,36
187,453,12
187,456,120
187,476,72
187,478,120
187,493,24
187,495,12
187,497,24
187,501,24
187,502,12
187,511,12
187,517,12
187,536,12
187,539,24
187,550,12
187,557,36
187,558,12
187,562,12
187,568,12
187,570,12
187,579,24
187,605,12
187,607,24
187,632,24
187,644,24
187,654,12
187,680,12
187,694,12
187,699,12
187,702,12
187,706,12
187,722,12
187,735,12
187,741,24
187,760,12
187,778,12
187,784,12
187,791,12
187,813,12
187,820,24
187,834,12
187,851,12
187,852,12
187,860,12
187,878,12
187,881,12
187,883,12
187,899,24
187,933,12
187,936,12
187,952,12
187,958,12
187,996,12
187,1034,12
193,20,36
193,31,24
193,41,12
193,57,24
193,65,48
193,72,96
193,83,12
193,84,12
193,87,120
193,101,12
193,113,24
193,141,24
193,146,36
193,167,24
193,183,24
193,229,12
193,234,24
193,237,48
193,241,12
193,263,24
193,269,72
193,292,12
193,312,12
193,314,12
193,325,36
193,332,24
193,347,24
193,350,60
193,353,48
193,360,12
193,371,12
193,375,12
193,387,12
193,391,84
193,397,48
193,401,24
193,406,12
193,425,24
193,448,12
193,453,24
193,456,12
193,476,24
193,478,12
193,493,36
193,495,12
193,497,12
193,501,48
193,502,36
193,511,24
193,517,12
193,536,12
193,539,48
193,546,12
193,550,24
193,557,12
193,558,12
193,562,12
193,567,12
193,568,12
193,570,12
193,579,24
193,605,12
193,607,12
193,644,12
193,654,48
193,680,24
193,694,12
193,699,24
193,702,36
193,722,12
193,735,12
193,741,12
193,760,12
193,778,12
193,782,12
193,791,12
193,799,12
193,813,12
193,820,12
193,834,12
193,852,12
193,860,12
193,878,12
193,881,12
193,883,12
193,899,12
193,933,12
193,936,12
193,952,24
193,958,24
229,20,24
229,31,36
229,57,48
229,65,12
229,72,108
229,83,12
229,84,24
229,87,156
229,101,12
229,113,48
229,141,12
229,146,120
229,167,24
229,183,12
229,187,36
229,193,24
229,234,36
229,237,72
229,241,12
229,263,12
229,269,48
229,292,36
229,312,12
229,314,12
229,325,60
229,332,24
229,347,24
229,353,36
229,371,12
229,375,12
229,387,24
229,391,36
229,397,12
229,399,12
229,401,12
229,406,12
229,425,12
229,448,12
229,453,24
229,456,60
229,476,36
229,478,48
229,495,12
229,497,12
229,501,24
229,502,12
229,511,12
229,536,12
229,539,12
229,557,12
229,558,12
229,562,12
229,567,12
229,568,12
229,570,12
229,579,12
229,607,12
229,632,12
229,644,36
229,654,12
229,680,12
229,694,12
229,702,12
229,706,12
229,722,12
229,741,12
229,778,12
229,784,12
229,791,12
229,834,12
229,851,12
229,852,12
229,860,12
229,883,12
229,899,12
229,933,12
229,936,12
229,952,12
234,20,144
234,31,84
234,41,60
234,57,60
234,65,120
234,72,96
234,83,36
234,84,144
234,87,288
234,101,96
234,113,84
234,141,24
234,146,252
234,167,120
234,183,24
234,187,96
234,193,24
234,229,24
234,237,108
234,241,24
234,263,36
234,269,156
234,292,12
234,312,60
234,314,60
234,325,96
234,332,24
234,347,132
234,350,48
234,353,48
234,360,72
234,371,96
234,375,24
234,387,120
234,391,60
234,399,24
234,401,12
234,406,12
234,425,60
234,448,36
234,453,24
234,456,144
234,476,60
234,478,108
234,493,12
234,495,12
234,501,36
234,502,12
234,511,12
234,517,24
234,536,12
234,539,36
234,546,12
234,550,36
234,557,96
234,558,12
234,562,24
234,567,12
234,568,12
234,570,12
234,579,24
234,605,12
234,632,24
234,644,36
234,654,24
234,680,12
234,694,24
234,702,12
234,706,12
234,722,12
234,741,24
234,760,12
234,778,12
234,782,24
234,784,36
234,791,36
234,820,24
234,834,12
234,851,12
234,852,12
234,860,24
234,883,12
234,899,36
234,933,12
234,936,12
234,952,12
234,958,12
234,996,12
237,20,84
237,31,24
237,41,12
237,57,84
237,65,96
237,72,168
237,83,48
237,84,120
237,87,288
237,101,36
237,113,120
237,141,36
237,146,300
237,167,60
237,183,60
237,187,60
237,193,60
237,229,24
237,234,108
237,241,12
237,263,48
237,269,108
237,292,72
237,312,180
237,314,24
237,325,36
237,332,24
237,347,60
237,350,120
237,353,48
237,360,132
237,371,60
237,375,36
237,387,36
237,391,60
237,397,60
237,399,60
237,401,60
237,406,24
237,425,48
237,448,96
237,453,120
237,456,72
237,476,84
237,478,108
237,493,24
237,495,36
237,497,24
237,501,36
237,502,12
237,511,36
237,517,72
237,536,72
237,539,156
237,546,12
237,550,36
237,557,72
237,558,24
237,562,12
237,567,24
237,568,36
237,570,24
237,579,12
237,605,36
237,607,48
237,632,24
237,644,60
237,654,24
237,680,60
237,694,12
237,699,36
237,702,24
237,706,48
237,722,36
237,735,12
237,741,12
237,760,12
237,778,12
237,782,12
237,784,36
237,799,12
237,813,12
237,820,12
237,834,12
237,851,12
237,852,12
237,860,12
237,881,24
237,883,12
237,899,48
237,933,12
237,936,36
237,952,12
237,958,36
237,1034,12
241,20,24
241,31,12
241,41,24
241,57,12
241,65,12
241,72,48
241,84,24
241,87,72
241,101,12
241,113,12
241,141,12
241,146,84
241,167,24
241,183,24
241,187,12
241,193,96
241,229,12
241,234,24
241,237,48
241,263,24
241,269,36
241,292,48
241,312,24
241,314,12
241,325,12
241,332,12
241,347,12
241,350,12
241,353,12
241,360,12
241,371,12
241,375,48
241,387,12
241,391,60
241,397,48
241,399,12
241,401,60
241,425,12
241,448,24
241,453,12
241,456,12
241,476,12
241,478,12
241,493,24
241,495,12
241,497,48
241,501,24
241,502,48
241,511,36
241,517,12
241,536,12
241,539,48
241,546,24
241,550,12
241,558,48
241,567,36
241,568,36
241,570,24
241,579,12
241,605,12
241,607,12
241,632,12
241,644,12
241,654,12
241,680,12
241,699,12
241,702,36
241,706,12
241,722,24
241,741,12
241,760,12
241,778,12
241,782,12
241,791,12
241,799,12
241,813,12
241,820,12
241,834,12
241,851,12
241,852,12
241,860,12
241,881,12
241,883,12
241,899,12
241,933,12
241,936,12
241,952,24
241,1034,12
263,20,24
263,31,12
263,41,12
263,57,36
263,65,24
263,72,84
263,83,12
263,84,36
263,87,168
263,101,12
263,113,24
263,141,24
263,146,96
263,167,72
263,183,48
263,187,12
263,193,60
263,229,48
263,234,12
263,237,84
263,241,24
263,269,36
263,292,24
263,312,72
263,314,12
263,325,24
263,332,36
263,347,12
263,350,24
263,353,36
263,360,12
263,371,12
263,375,72
263,387,12
263,391,72
263,397,72
263,399,36
263,401,96
263,425,24
263,448,36
263,453,24
263,456,36
263,476,24
263,478,48
263,493,60
263,495,24
263,501,12
263,502,48
263,511,36
263,517,24
263,536,12
263,539,36
263,550,36
263,557,12
263,558,12
263,562,12
263,567,24
263,568,24
263,570,12
263,579,12
263,605,12
263,607,12
263,632,12
263,644,24
263,654,24
263,680,12
263,694,12
263,699,12
263,702,48
263,706,12
263,722,12
263,735,12
263,741,12
263,778,24
263,782,12
263,784,12
263,791,12
263,799,12
263,820,12
263,834,12
263,851,24
263,852,12
263,860,12
263,878,12
263,881,12
263,883,12
263,899,12
263,933,12
263,952,12
263,958,12
269,20,84
269,31,84
269,41,36
269,57,108
269,65,120
269,72,192
269,83,48
269,84,144
269,87,360
269,101,36
269,113,156
269,141,36
269,146,300
269,167,132
269,183,36
269,187,96
269,193,72
269,229,36
269,234,144
269,237,84
269,241,12
269,263,12
269,292,24
269,312,144
269,314,60
269,325,108
269,332,36
269,347,144
269,350,60
269,353,48
269,360,132
269,371,24
269,375,12
269,387,24
269,391,48
269,397,48
269,399,48
269,401,24
269,406,36
269,425,48
269,448,36
269,453,24
269,456,144
269,476,36
269,478,96
269,493,12
269,495,12
269,497,24
269,501,36
269,502,48
269,511,12
269,517,36
269,536,24
269,539,48
269,546,24
269,550,72
269,557,96
269,558,12
269,562,24
269,567,12
269,568,24
269,570,12
269,579,24
269,605,12
269,607,12
269,632,24
269,644,24
269,654,12
269,680,36
269,694,36
269,699,12
269,702,36
269,706,12
269,722,36
269,735,12
269,741,12
269,760,24
269,778,12
269,782,24
269,784,36
269,799,12
269,813,12
269,820,12
269,834,12
269,851,12
269,852,12
269,860,12
269,878,12
269,881,12
269,883,12
269,899,24
269,936,12
269,952,12
269,1034,12
292,20,48
292,31,36
292,41,36
292,57,12
292,65,24
292,72,72
292,83,12
292,84,36
292,87,132
292,101,12
292,113,12
292,141,36
292,146,48
292,167,24
292,183,48
292,187,48
292,193,12
292,229,36
292,234,36
292,237,48
292,241,24
292,263,60
292,269,48
292,325,12
292,332,12
292,347,36
292,350,60
292,353,60
292,360,12
292,371,12
292,375,60
292,387,12
292,391,144
292,397,84
292,399,12
292,401,24
292,406,36
292,425,12
292,448,36
292,453,36
292,456,12
292,476,12
292,478,36
292,493,60
292,495,48
292,497,36
292,501,72
292,502,60
292,511,36
292,517,48
292,536,24
292,539,108
292,546,36
292,550,48
292,557,24
292,558,24
292,562,12
292,567,24
292,568,36
292,570,12
292,579,36
292,605,12
292,607,36
292,632,12
292,644,60
292,654,60
292,680,24
292,694,12
292,699,36
292,702,36
292,706,24
292,722,12
292,735,24
292,741,12
292,760,12
292,778,24
292,782,12
292,784,24
292,791,24
292,799,12
292,813,36
292,820,24
292,834,24
292,851,60
292,852,24
292,860,36
292,881,36
292,883,12
292,899,24
292,933,36
292,936,12
292,952,12
292,958,24
292,996,12
292,1034,12
312,20,36
312,31,60
312,41,96
312,57,36
312,65,60
312,72,108
312,83,60
312,84,72
312,87,240
312,101,60
312,113,108
312,141,24
312,146,252
312,167,60
312,183,24
312,187,60
312,193,12
312,229,24
312,234,96
312,237,180
312,241,24
312,263,48
312,269,180
312,292,24
312,314,48
312,325,84
312,332,72
312,347,48
312,350,120
312,353,84
312,360,12
312,371,60
312,375,12
312,387,60
312,391,168
312,397,48
312,399,12
312,401,36
312,406,12
312,425,48
312,448,60
312,453,48
312,456,96
312,476,132
312,478,72
312,493,84
312,495,84
312,497,12
312,501,48
312,502,48
312,511,12
312,517,24
312,536,72
312,539,108
312,546,12
312,550,84
312,557,48
312,558,12
312,562,36
312,567,12
312,568,12
312,570,60
312,579,36
312,605,12
312,607,36
312,632,36
312,644,12
312,654,108
312,680,12
312,694,48
312,699,72
312,702,12
312,706,12
312,722,36
312,735,12
312,741,24
312,760,12
312,782,36
312,784,36
312,791,24
312,799,12
312,813,48
312,820,48
312,834,12
312,851,24
312,852,36
312,860,36
312,878,24
312,881,48
312,883,48
312,899,36
312,933,48
312,936,12
312,952,12
312,958,36
312,996,12
312,1034,12
314,20,24
314,31,24
314,41,36
314,57,12
314,65,24
314,72,48
314,83,12
314,84,48
314,87,12
314,101,60
314,113,36
314,141,12
314,146,36
314,167,12
314,183,12
314,187,24
314,229,12
314,234,84
314,237,12
314,263,12
314,269,12
314,292,12
314,312,12
314,325,84
314,332,12
314,347,48
314,350,12
314,353,12
314,360,12
314,371,36
314,387,36
314,401,12
314,425,12
314,448,24
314,453,12
314,456,96
314,476,48
314,478,108
314,493,24
314,501,12
314,502,12
314,511,12
314,517,12
314,539,12
314,557,12
314,562,36
314,567,12
314,605,12
314,607,12
314,632,12
314,694,12
314,706,12
314,722,12
314,735,12
314,760,12
314,778,12
314,791,12
314,820,12
314,851,24
314,860,12
314,878,12
314,899,12
325,20,12
325,31,48
325,41,48
325,57,48
325,65,24
325,72,60
325,83,12
325,84,36
325,87,72
325,101,48
325,113,132
325,141,12
325,146,132
325,167,36
325,183,12
325,187,36
325,193,12
325,229,12
325,234,60
325,237,48
325,241,12
325,263,12
325,269,36
325,292,12
325,312,24
325,314,84
325,332,12
325,347,36
325,350,24
325,353,24
325,360,48
325,371,96
325,387,36
325,391,36
325,397,12
325,399,12
325,401,24
325,406,12
325,425,24
325,448,48
325,453,12
325,456,96
325,476,36
325,478,192
325,497,12
325,501,12
325,502,12
325,511,12
325,517,12
325,536,36
325,539,36
325,550,12
325,557,84
325,562,36
325,568,24
325,579,24
325,605,12
325,607,48
325,632,36
325,644,12
325,654,12
325,694,24
325,699,24
325,706,12
325,722,12
325,735,12
325,741,12
325,782,12
325,784,24
325,799,12
325,813,12
325,820,24
325,860,12
325,881,12
325,899,12
325,936,12
325,958,12
325,996,12
325,1034,12
332,20,36
332,31,12
332,41,24
332,57,12
332,65,48
332,72,72
332,83,12
332,84,72
332,87,144
332,101,36
332,113,48
332,141,24
332,146,108
332,167,12
332,183,12
332,187,60
332,193,24
332,229,12
332,234,72
332,237,108
332,241,24
332,263,24
332,269,72
332,292,12
332,312,48
332,314,48
332,325,48
332,347,60
332,350,24
332,353,24
332,360,60
332,371,60
332,387,72
332,391,24
332,399,12
332,406,12
332,425,36
332,448,36
332,453,12
332,456,144
332,476,72
332,478,48
332,493,12
332,495,24
332,497,12
332,501,48
332,502,12
332,511,12
332,517,24
332,536,36
332,539,24
332,557,60
332,558,12
332,562,24
332,567,12
332,568,12
332,570,12
332,579,48
332,607,12
332,632,12
332,644,12
332,654,24
332,680,12
332,694,12
332,699,12
332,706,12
332,722,12
332,735,12
332,741,12
332,760,12
332,778,12
332,784,12
332,791,12
332,813,12
332,820,12
332,834,12
332,851,24
332,852,12
332,860,12
332,878,12
332,881,12
332,883,12
332,899,12
332,952,12
332,958,12
332,996,12
332,1034,12
347,20,48
347,31,36
347,41,24
347,57,24
347,65,84
347,72,60
347,83,36
347,84,48
347,87,84
347,101,24
347,113,96
347,146,144
347,167,60
347,183,12
347,187,72
347,193,12
347,229,12
347,234,84
347,237,24
347,263,12
347,269,72
347,292,12
347,312,60
347,314,24
347,325,48
347,332,48
347,350,24
347,353,24
347,360,60
347,371,84
347,387,84
347,391,12
347,397,12
347,399,12
347,406,12
347,425,12
347,448,12
347,453,12
347,456,108
347,476,96
347,478,72
347,493,12
347,495,24
347,497,12
347,501,12
347,502,12
347,511,12
347,536,24
347,539,24
347,550,24
347,557,48
347,558,12
347,562,24
347,568,12
347,579,24
347,605,12
347,607,12
347,632,24
347,644,12
347,654,12
347,694,12
347,699,12
347,702,24
347,706,12
347,722,24
347,760,12
347,778,12
347,782,12
347,784,12
347,791,12
347,799,24
347,851,12
347,860,12
347,899,12
347,933,12
347,952,12
347,958,12
347,996,12
347,1034,12
350,20,12
350,31,12
350,41,24
350,57,12
350,65,12
350,72,12
350,83,24
350,84,36
350,87,60
350,113,24
350,141,48
350,146,36
350,167,24
350,183,12
350,187,12
350,193,24
350,229,24
350,234,24
350,237,12
350,241,60
350,263,12
350,269,24
350,292,12
350,312,72
350,314,12
350,325,12
350,332,12
350,347,12
350,353,24
350,360,36
350,371,12
350,375,72
350,387,12
350,391,96
350,397,60
350,399,24
350,401,48
350,425,48
350,448,12
350,453,12
350,456,24
350,476,12
350,478,36
350,493,84
350,495,48
350,497,24
350,501,36
350,502,60
350,511,36
350,517,24
350,536,12
350,539,72
350,546,12
350,550,84
350,557,12
350,558,48
350,562,12
350,567,36
350,568,24
350,570,12
350,579,12
350,605,36
350,607,48
350,632,12
350,644,36
350,654,72
350,680,24
350,694,24
350,699,24
350,702,60
350,706,12
350,722,12
350,735,24
350,741,24
350,760,12
350,778,12
350,782,12
350,784,12
350,813,12
350,820,12
350,834,12
350,851,24
350,852,12
350,860,12
350,878,12
350,881,12
350,883,12
350,899,24
350,933,72
350,936,12
350,952,12
350,958,24
350,1034,12
353,20,60
353,31,48
353,41,48
353,57,24
353,65,48
353,72,144
353,83,36
353,84,108
353,87,192
353,101,12
353,113,48
353,141,24
353,146,192
353,167,72
353,183,12
353,187,48
353,193,36
353,229,12
353,234,120
353,237,24
353,241,12
353,263,12
353,269,96
353,292,48
353,312,60
353,314,24
353,325,72
353,332,24
353,347,48
353,350,72
353,360,24
353,371,12
353,387,12
353,391,24
353,397,24
353,399,24
353,401,12
353,406,12
353,425,12
353,448,12
353,453,36
353,456,84
353,476,60
353,478,96
353,493,12
353,497,24
353,501,24
353,502,12
353,511,12
353,517,24
353,536,24
353,539,48
353,546,12
353,550,12
353,557,24
353,558,12
353,562,12
353,567,12
353,568,12
353,579,24
353,605,12
353,607,24
353,644,12
353,654,24
353,680,12
353,694,12
353,699,12
353,702,12
353,706,24
353,741,12
353,760,12
353,778,12
353,784,12
353,791,12
353,799,12
353,813,24
353,820,12
353,851,12
353,852,24
353,860,12
353,878,12
353,881,12
353,883,12
353,899,24
353,936,12
353,952,12
353,958,24
360,20,12
360,31,12
360,41,24
360,57,24
360,65,48
360,72,108
360,83,12
360,84,24
360,87,72
360,101,12
360,113,36
360,141,24
360,146,72
360,167,48
360,183,24
360,187,36
360,193,24
360,229,36
360,234,24
360,237,60
360,241,24
360,263,60
360,269,60
360,292,12
360,312,24
360,314,12
360,325,24
360,332,12
360,347,48
360,350,72
360,353,48
360,371,24
360,375,36
360,387,48
360,391,84
360,397,12
360,399,24
360,401,12
360,406,60
360,425,36
360,448,36
360,453,48
360,456,12
360,476,24
360,478,48
360,493,84
360,495,36
360,497,24
360,501,24
360,502,36
360,511,24
360,517,120
360,536,60
360,539,120
360,546,12
360,550,96
360,557,12
360,558,24
360,562,12
360,568,36
360,570,24
360,579,36
360,605,24
360,607,12
360,632,12
360,644,24
360,654,36
360,680,12
360,694,72
360,699,36
360,702,12
360,706,24
360,722,36
360,735,12
360,741,24
360,760,12
360,778,12
360,782,12
360,784,24
360,791,24
360,799,12
360,813,48
360,820,36
360,851,48
360,852,12
360,860,12
360,878,12
360,881,12
360,883,12
360,899,12
360,933,12
360,936,12
360,958,12
360,996,12
360,1034,12
371,20,72
371,31,48
371,41,36
371,57,12
371,65,24
371,72,24
371,83,60
371,84,72
371,87,120
371,101,48
371,113,120
371,141,12
371,146,144
371,167,36
371,183,24
371,187,72
371,193,36
371,229,12
371,234,120
371,237,48
371,263,36
371,269,96
371,312,84
371,314,60
371,325,144
371,332,48
371,347,108
371,350,12
371,353,36
371,360,48
371,375,12
371,387,60
371,391,60
371,397,24
371,399,12
371,401,12
371,406,12
371,425,72
371,448,36
371,453,24
371,456,276
371,476,60
371,478,120
371,493,36
371,495,12
371,497,12
371,501,48
371,502,12
371,511,12
371,536,72
371,539,48
371,550,24
371,557,144
371,558,12
371,562,60
371,567,12
371,568,12
371,570,12
371,579,36
371,605,12
371,607,36
371,632,36
371,644,36
371,654,12
371,680,12
371,694,24
371,699,24
371,702,12
371,706,12
371,722,24
371,741,12
371,760,12
371,778,12
371,782,24
371,784,12
371,791,12
371,799,12
371,813,12
371,820,12
371,834,12
371,851,36
371,852,12
371,860,12
371,878,12
371,881,24
371,883,12
371,899,48
371,933,24
371,952,12
371,958,24
371,996,12
371,1034,12
375,20,36
375,31,12
375,41,12
375,57,36
375,65,12
375,72,60
375,83,24
375,84,24
375,87,84
375,101,12
375,113,12
375,141,36
375,146,60
375,167,36
375,183,36
375,187,12
375,193,36
375,229,12
375,234,12
375,237,12
375,241,24
375,263,96
375,269,24
375,292,48
375,312,48
375,325,12
375,347,12
375,350,48
375,353,12
375,360,12
375,371,12
375,387,12
375,391,120
375,397,84
375,399,12
375,401,96
375,406,12
375,425,12
375,448,12
375,453,12
375,456,12
375,476,12
375,478,24
375,493,48
375,495,84
375,497,12
375,501,12
375,502,60
375,511,132
375,517,36
375,536,12
375,539,24
375,546,72
375,550,48
375,558,36
375,567,108
375,568,120
375,570,12
375,579,12
375,605,24
375,607,24
375,632,24
375,644,48
375,654,12
375,680,12
375,694,12
375,699,12
375,702,108
375,706,24
375,722,12
375,735,12
375,741,24
375,760,24
375,778,120
375,782,12
375,791,24
375,799,12
375,813,36
375,820,12
375,834,24
375,851,24
375,852,24
375,860,12
375,878,12
375,881,24
375,883,12
375,899,36
375,936,12
375,952,24
375,958,24
375,996,12
375,1034,24
387,20,48
387,31,24
387,41,36
387,57,36
387,65,36
387,72,36
387,83,24
387,84,48
387,87,84
387,101,24
387,113,84
387,141,12
387,146,180
387,167,24
387,183,12
387,187,72
387,193,36
387,229,12
387,234,72
387,237,12
387,241,24
387,263,24
387,269,48
387,292,24
387,312,144
387,314,48
387,325,108
387,332,12
387,347,84
387,350,24
387,353,12
387,360,24
387,371,48
387,375,12
387,391,24
387,397,12
387,399,36
387,401,12
387,406,12
387,425,48
387,448,60
387,453,24
387,456,96
387,476,36
387,478,72
387,493,12
387,495,12
387,497,24
387,501,72
387,502,24
387,511,12
387,517,12
387,536,96
387,539,108
387,546,12
387,550,24
387,557,72
387,558,24
387,562,36
387,567,12
387,568,24
387,570,24
387,579,60
387,605,24
387,607,60
387,632,12
387,644,24
387,654,48
387,680,12
387,694,24
387,699,36
387,702,24
387,706,48
387,722,48
387,735,24
387,741,24
387,760,24
387,778,12
387,782,36
387,784,36
387,791,12
387,813,24
387,820,24
387,851,48
387,852,24
387,860,24
387,878,12
387,881,24
387,883,24
387,899,24
387,933,24
387,936,12
387,952,12
387,958,24
387,996,12
387,1034,12
391,20,60
391,31,36
391,41,36
391,57,36
391,65,36
391,72,84
391,84,60
391,87,132
391,101,12
391,113,72
391,141,84
391,146,156
391,167,48
391,183,48
391,187,24
391,193,84
391,229,48
391,234,60
391,237,96
391,241,144
391,263,48
391,269,48
391,292,60
391,312,288
391,314,12
391,325,36
391,332,24
391,347,36
391,350,24
391,353,96
391,360,12
391,371,36
391,375,96
391,387,36
391,397,108
391,399,48
391,401,84
391,406,24
391,425,24
391,448,60
391,453,24
391,456,36
391,476,48
391,478,12
391,493,108
391,495,96
391,497,108
391,501,48
391,502,204
391,511,84
391,517,24
391,536,84
391,539,36
391,546,84
391,550,60
391,557,12
391,558,72
391,562,12
391,567,60
391,568,120
391,570,60
391,579,24
391,605,48
391,607,24
391,632,12
391,644,96
391,654,132
391,680,60
391,694,36
391,699,60
391,702,72
391,706,60
391,722,48
391,735,36
391,741,48
391,760,12
391,778,36
391,782,36
391,784,24
391,791,12
391,799,12
391,813,60
391,820,12
391,834,24
391,851,48
391,852,72
391,860,24
391,878,12
391,881,24
391,883,24
391,899,12
391,933,12
391,936,12
391,952,36
391,958,48
391,1034,36
397,20,12
397,31,36
397,57,24
397,65,36
397,72,48
397,83,24
397,84,12
397,87,96
397,101,12
397,113,12
397,141,36
397,146,84
397,167,36
397,183,60
397,193,36
397,229,12
397,234,12
397,237,36
397,241,12
397,263,48
397,269,36
397,292,12
397,312,72
397,314,12
397,332,12
397,347,12
397,350,12
397,353,24
397,360,12
397,371,12
397,375,48
397,387,24
397,391,84
397,399,24
397,401,144
397,406,36
397,425,12
397,448,12
397,453,12
397,456,12
397,476,24
397,478,12
397,493,24
397,495,24
397,497,60
397,501,12
397,502,84
397,511,60
397,517,12
397,539,12
397,546,60
397,550,24
397,557,12
397,558,48
397,562,12
397,567,48
397,568,60
397,570,12
397,579,12
397,605,24
397,607,36
397,632,36
397,644,24
397,654,24
397,680,36
397,694,12
397,699,12
397,702,60
397,706,12
397,722,12
397,735,12
397,741,12
397,760,12
397,778,24
397,782,12
397,784,36
397,791,12
397,799,12
397,813,12
397,820,24
397,834,12
397,851,24
397,852,12
397,860,12
397,881,48
397,883,12
397,899,12
397,933,24
397,936,24
397,952,24
397,958,36
397,996,12
397,1034,12
399,20,12
399,31,12
399,41,24
399,57,12
399,65,12
399,72,36
399,83,12
399,84,48
399,87,96
399,113,24
399,141,36
399,146,48
399,167,12
399,183,12
399,187,24
399,193,12
399,229,12
399,234,24
399,237,36
399,241,12
399,263,12
399,269,12
399,312,36
399,325,12
399,332,24
399,347,12
399,350,24
399,353,48
399,360,12
399,371,24
399,375,12
399,387,24
399,391,36
399,397,12
399,401,12
399,406,12
399,425,24
399,448,24
399,453,24
399,456,24
399,478,12
399,493,48
399,495,12
399,497,12
399,501,12
399,502,36
399,511,24
399,517,24
399,536,12
399,539,36
399,546,12
399,550,36
399,557,12
399,558,12
399,562,12
399,567,12
399,568,12
399,570,12
399,579,12
399,605,12
399,607,24
399,632,12
399,644,36
399,654,24
399,680,12
399,694,12
399,699,24
399,702,12
399,706,12
399,722,12
399,735,12
399,741,12
399,760,12
399,778,12
399,782,24
399,784,24
399,791,12
399,799,12
399,813,12
399,820,12
399,834,12
399,851,24
399,852,24
399,860,12
399,881,12
399,883,12
399,899,12
399,933,12
399,936,12
399,958,12
399,996,12
399,1034,12
401,20,12
401,31,12
401,41,12
401,57,12
401,65,12
401,72,72
401,84,12
401,87,36
401,113,24
401,146,24
401,167,12
401,187,12
401,193,24
401,229,12
401,234,12
401,237,12
401,241,12
401,263,36
401,269,24
401,292,48
401,312,12
401,325,12
401,332,12
401,347,12
401,350,12
401,353,12
401,360,24
401,371,12
401,375,12
401,387,24
401,391,96
401,397,48
401,399,12
401,425,12
401,448,12
401,453,24
401,476,24
401,478,12
401,493,36
401,495,48
401,497,96
401,502,120
401,511,180
401,517,24
401,536,12
401,539,12
401,546,60
401,550,24
401,558,12
401,567,72
401,568,144
401,570,12
401,605,24
401,607,12
401,644,36
401,654,24
401,680,60
401,694,12
401,699,12
401,702,84
401,706,12
401,722,24
401,741,24
401,760,12
401,778,12
401,782,12
401,784,12
401,791,12
401,799,24
401,813,12
401,834,24
401,851,36
401,852,24
401,860,12
401,881,12
401,883,12
401,899,24
401,952,12
401,958,36
401,996,12
401,1034,12
406,20,12
406,31,12
406,41,36
406,57,24
406,65,60
406,72,24
406,83,12
406,84,24
406,87,132
406,101,12
406,113,24
406,141,36
406,146,60
406,167,48
406,183,24
406,187,36
406,193,12
406,229,12
406,234,12
406,237,48
406,241,36
406,263,12
406,269,24
406,292,12
406,312,204
406,314,24
406,325,12
406,332,36
406,347,12
406,350,12
406,353,48
406,360,36
406,371,12
406,375,24
406,387,12
406,391,12
406,397,24
406,399,12
406,401,24
406,425,24
406,448,36
406,456,12
406,476,24
406,478,24
406,493,12
406,495,12
406,497,48
406,501,24
406,502,12
406,511,12
406,517,12
406,536,12
406,539,24
406,546,12
406,550,36
406,558,12
406,562,12
406,567,12
406,568,12
406,570,12
406,579,12
406,605,12
406,607,12
406,632,12
406,644,24
406,654,24
406,680,24
406,694,12
406,699,12
406,702,36
406,706,36
406,722,12
406,735,12
406,741,12
406,760,12
406,778,12
406,782,12
406,784,24
406,791,12
406,799,12
406,813,12
406,820,24
406,851,24
406,852,12
406,860,24
406,878,12
406,881,24
406,883,12
406,899,12
406,933,24
406,936,12
406,952,12
406,958,12
425,20,36
425,31,12
425,41,36
425,57,36
425,65,12
425,72,96
425,83,12
425,84,24
425,87,84
425,101,36
425,113,60
425,141,12
425,146,96
425,167,60
425,183,12
425,187,24
425,193,12
425,229,12
425,234,24
425,237,24
425,263,36
425,269,48
425,292,12
425,312,132
425,314,24
425,325,36
425,332,12
425,347,36
425,350,60
425,353,36
425,360,84
425,371,48
425,375,12
425,387,60
425,391,36
425,397,24
425,399,24
425,401,12
425,406,12
425,448,36
425,453,36
425,456,72
425,476,60
425,478,108
425,493,24
425,495,12
425,497,24
425,501,72
425,502,24
425,511,12
425,517,12
425,536,48
425,539,132
425,550,12
425,557,24
425,562,24
425,567,12
425,568,12
425,570,12
425,579,60
425,605,12
425,607,48
425,632,48
425,644,24
425,654,24
425,680,12
425,694,36
425,699,48
425,702,24
425,706,24
425,722,12
425,735,12
425,741,36
425,760,12
425,778,12
425,782,12
425,784,12
425,791,36
425,799,12
425,813,12
425,820,12
425,834,12
425,851,12
425,852,12
425,860,12
425,878,12
425,881,12
425,899,48
425,933,12
425,936,12
425,958,36
425,996,12
425,1034,12
448,20,36
448,31,24
448,41,24
448,57,24
448,65,48
448,72,48
448,83,36
448,84,48
448,87,144
448,101,12
448,113,48
448,141,12
448,146,132
448,167,36
448,183,12
448,187,48
448,193,12
448,229,12
448,234,60
448,237,84
448,241,12
448,263,24
448,269,84
448,292,36
448,312,132
448,314,12
448,325,48
448,332,12
448,347,60
448,350,60
448,353,48
448,360,48
448,371,24
448,375,12
448,387,60
448,391,48
448,397,12
448,399,36
448,401,12
448,406,24
448,425,36
448,453,60
448,456,48
448,476,48
448,478,72
448,493,48
448,495,24
448,497,24
448,501,48
448,502,60
448,511,36
448,517,36
448,536,12
448,539,168
448,546,24
448,550,24
448,557,24
448,558,24
448,562,24
448,567,12
448,568,12
448,570,12
448,579,36
448,605,60
448,607,72
448,632,12
448,644,24
448,654,48
448,680,24
448,694,12
448,699,36
448,702,24
448,706,48
448,722,24
448,735,12
448,741,12
448,760,12
448,778,12
448,782,12
448,784,36
448,791,12
448,799,12
448,813,12
448,820,48
448,851,12
448,852,12
448,860,12
448,881,24
448,883,12
448,899,12
448,933,12
448,936,12
448,952,12
448,958,24
453,20,12
453,41,24
453,57,12
453,65,12
453,72,24
453,83,12
453,84,36
453,87,60
453,113,24
453,141,12
453,146,12
453,167,12
453,183,12
453,187,12
453,229,12
453,234,12
453,237,24
453,241,12
453,263,12
453,269,12
453,292,12
453,312,84
453,314,12
453,325,12
453,347,12
453,350,12
453,353,48
453,360,12
453,371,12
453,375,12
453,387,12
453,391,12
453,397,12
453,399,24
453,401,12
453,406,24
453,425,12
453,448,36
453,456,12
453,476,12
453,478,12
453,493,24
453,495,24
453,497,60
453,501,24
453,502,36
453,511,12
453,517,12
453,536,24
453,539,12
453,546,12
453,550,60
453,557,12
453,558,12
453,567,36
453,568,24
453,570,12
453,579,12
453,605,12
453,607,24
453,632,12
453,644,60
453,654,24
453,680,12
453,694,12
453,699,12
453,702,24
453,706,48
453,722,24
453,735,12
453,741,12
453,760,12
453,778,12
453,782,24
453,784,24
453,791,12
453,813,24
453,820,12
453,851,24
453,852,12
453,860,12
453,878,12
453,899,12
453,933,12
453,936,12
453,958,24
453,1034,12
456,20,24
456,31,24
456,41,12
456,57,24
456,65,24
456,72,36
456,83,36
456,84,60
456,87,48
456,101,24
456,113,96
456,146,108
456,167,48
456,187,72
456,193,12
456,229,24
456,234,84
456,237,36
456,263,12
456,269,36
456,292,12
456,312,48
456,314,96
456,325,120
456,332,36
456,347,60
456,350,12
456,353,12
456,360,12
456,371,120
456,387,36
456,391,12
456,397,12
456,399,12
456,401,12
456,406,12
456,425,12
456,448,12
456,453,24
456,476,48
456,478,84
456,493,12
456,495,12
456,497,12
456,501,12
456,502,24
456,517,24
456,536,12
456,539,12
456,550,12
456,557,60
456,558,12
456,562,12
456,567,12
456,568,12
456,579,24
456,605,12
456,607,12
456,632,12
456,644,12
456,654,24
456,680,12
456,694,12
456,699,12
456,702,12
456,706,12
456,722,24
456,735,12
456,741,12
456,778,12
456,784,12
456,813,12
456,820,12
456,860,12
456,878,12
456,881,12
456,899,12
456,933,12
456,936,12
456,952,12
456,958,12
456,1034,12
476,20,36
476,31,24
476,41,24
476,57,24
476,65,12
476,72,24
476,83,12
476,84,36
476,87,84
476,101,12
476,113,48
476,146,96
476,167,36
476,183,12
476,187,48
476,193,12
476,229,36
476,234,72
476,237,60
476,241,12
476,263,12
476,269,108
476,292,12
476,312,168
476,314,60
476,325,144
476,332,60
476,347,168
476,350,12
476,353,48
476,360,60
476,371,48
476,387,48
476,391,48
476,397,12
476,399,12
476,401,12
476,406,36
476,425,24
476,448,48
476,453,12
476,456,120
476,478,144
476,493,12
476,495,24
476,501,24
476,502,36
476,511,12
476,517,24
476,536,60
476,539,48
476,546,12
476,550,48
476,557,84
476,558,12
476,562,36
476,567,12
476,568,12
476,570,12
476,579,84
476,605,12
476,607,168
476,632,48
476,644,24
476,654,48
476,680,12
476,694,84
476,699,48
476,702,12
476,706,12
476,722,84
476,735,48
476,741,12
476,778,12
476,782,24
476,784,48
476,791,24
476,799,12
476,813,36
476,820,48
476,834,12
476,851,24
476,852,24
476,860,24
476,878,12
476,881,36
476,883,12
476,899,48
476,933,24
476,958,12
476,996,12
476,1034,12
478,20,12
478,31,48
478,41,36
478,57,24
478,65,48
478,72,36
478,83,12
478,84,72
478,87,120
478,101,48
478,113,132
478,146,168
478,167,48
478,183,12
478,187,36
478,193,12
478,229,12
478,234,120
478,237,60
478,263,12
478,269,84
478,292,12
478,312,84
478,314,180
478,325,144
478,332,60
478,347,84
478,350,12
478,353,48
478,360,36
478,371,96
478,387,96
478,391,36
478,397,24
478,399,12
478,401,24
478,406,48
478,425,24
478,448,48
478,453,24
478,456,192
478,476,96
478,493,12
478,495,24
478,497,12
478,501,24
478,502,12
478,511,12
478,517,12
478,536,60
478,539,36
478,546,12
478,550,12
478,557,72
478,558,12
478,562,84
478,567,12
478,568,12
478,579,24
478,607,60
478,632,36
478,644,24
478,654,24
478,680,12
478,694,12
478,699,36
478,702,12
478,706,12
478,722,48
478,735,36
478,741,24
478,760,12
478,778,12
478,782,12
478,784,36
478,813,12
478,820,48
478,852,12
478,860,36
478,878,24
478,883,12
478,899,72
478,933,12
478,936,12
478,958,24
478,996,12
478,1034,12
493,20,60
493,31,60
493,41,36
493,57,24
493,65,48
493,72,60
493,83,48
493,84,48
493,87,180
493,101,12
493,113,36
493,141,60
493,146,144
493,167,12
493,183,12
493,187,36
493,193,12
493,229,48
493,234,36
493,237,108
493,241,96
493,263,72
493,269,48
493,292,36
493,312,300
493,314,12
493,325,36
493,332,36
493,347,60
493,350,72
493,353,48
493,360,24
493,371,12
493,375,60
493,387,48
493,391,132
493,397,36
493,399,156
493,401,96
493,406,132
493,425,84
493,448,60
493,453,36
493,456,24
493,476,48
493,478,36
493,495,12
493,497,96
493,501,48
493,502,216
493,511,96
493,517,36
493,536,60
493,539,60
493,546,72
493,550,12
493,557,36
493,558,132
493,562,12
493,567,108
493,568,108
493,570,24
493,579,48
493,605,24
493,607,108
493,632,12
493,644,24
493,654,60
493,680,24
493,694,24
493,699,72
493,702,60
493,706,24
493,722,48
493,735,12
493,741,24
493,760,36
493,778,60
493,782,12
493,784,48
493,791,24
493,799,12
493,813,48
493,820,24
493,834,24
493,851,96
493,852,36
493,860,36
493,878,12
493,881,72
493,883,36
493,899,48
493,933,60
493,936,12
493,952,12
493,958,60
493,996,12
493,1034,12
495,20,48
495,31,24
495,41,24
495,57,36
495,65,60
495,72,48
495,83,24
495,84,36
495,87,108
495,101,12
495,113,36
495,141,48
495,146,144
495,167,48
495,183,48
495,187,36
495,193,12
495,229,36
495,234,24
495,237,60
495,241,36
495,263,36
495,269,60
495,292,12
495,312,228
495,314,12
495,325,12
495,332,12
495,347,36
495,350,48
495,353,36
495,360,48
495,371,36
495,375,108
495,387,24
495,391,108
495,397,48
495,399,48
495,401,108
495,406,96
495,425,48
495,448,60
495,453,12
495,456,12
495,476,60
495,478,12
495,493,36
495,497,72
495,501,48
495,502,132
495,511,204
495,517,48
495,536,36
495,539,48
495,546,60
495,550,12
495,557,12
495,558,168
495,562,24
495,567,132
495,568,144
495,570,48
495,579,12
495,605,24
495,607,72
495,632,24
495,644,60
495,654,60
495,680,120
495,694,24
495,699,48
495,702,96
495,706,36
495,722,36
495,735,48
495,741,36
495,760,60
495,778,84
495,782,48
495,784,72
495,791,72
495,799,24
495,813,72
495,820,24
495,834,36
495,851,48
495,852,60
495,860,48
495,878,12
495,881,48
495,883,36
495,899,72
495,933,24
495,936,12
495,952,36
495,958,48
495,996,24
497,20,12
497,31,24
497,41,12
497,57,24
497,65,12
497,72,12
497,84,24
497,87,84
497,101,12
497,113,24
497,141,24
497,146,60
497,167,48
497,183,24
497,187,36
497,193,24
497,229,12
497,234,24
497,237,24
497,241,36
497,263,60
497,269,36
497,292,36
497,312,96
497,314,12
497,325,12
497,347,24
497,350,12
497,353,36
497,360,48
497,375,84
497,387,12
497,391,84
497,397,72
497,399,24
497,401,204
497,406,60
497,425,12
497,448,60
497,453,36
497,456,24
497,476,24
497,478,36
497,493,84
497,495,72
497,501,48
497,502,96
497,511,144
497,517,24
497,536,12
497,539,72
497,546,96
497,550,36
497,557,12
497,558,96
497,562,12
497,567,192
497,568,168
497,570,36
497,579,12
497,605,36
497,607,36
497,632,24
497,644,168
497,654,72
497,680,132
497,694,36
497,699,60
497,702,108
497,706,84
497,722,60
497,735,24
497,741,60
497,760,12
497,778,108
497,782,36
497,784,36
497,791,36
497,799,12
497,813,36
497,820,36
497,834,36
497,851,72
497,852,48
497,860,48
497,878,24
497,881,48
497,883,36
497,899,48
497,933,48
497,936,12
497,952,12
497,958,48
497,996,12
497,1034,12
501,20,12
501,31,24
501,41,36
501,57,12
501,65,12
501,72,36
501,83,12
501,84,36
501,87,72
501,101,12
501,113,24
501,146,72
501,167,36
501,183,12
501,187,36
501,193,12
501,229,12
501,234,24
501,237,36
501,241,24
501,263,12
501,269,60
501,292,36
501,312,72
501,325,12
501,332,24
501,347,24
501,350,12
501,353,72
501,360,36
501,371,24
501,375,12
501,387,60
501,391,48
501,397,36
501,399,12
501,401,12
501,406,12
501,425,48
501,448,24
501,453,24
501,456,36
501,476,24
501,478,24
501,493,12
501,495,36
501,497,12
501,502,24
501,511,12
501,517,12
501,536,12
501,539,24
501,546,12
501,550,24
501,557,12
501,558,12
501,562,36
501,567,12
501,568,12
501,570,36
501,579,24
501,605,24
501,607,24
501,632,36
501,644,36
501,654,48
501,680,12
501,694,48
501,699,24
501,702,12
501,706,72
501,722,72
501,735,12
501,741,24
501,760,12
501,778,12
501,782,48
501,784,36
501,791,24
501,799,12
501,813,36
501,820,24
501,834,12
501,851,36
501,852,48
501,878,24
501,881,48
501,883,12
501,899,24
501,958,12
502,20,24
502,41,12
502,57,24
502,65,12
502,72,48
502,84,12
502,87,84
502,101,12
502,113,12
502,141,48
502,146,48
502,167,12
502,183,12
502,187,12
502,193,24
502,229,12
502,234,24
502,237,36
502,241,60
502,263,60
502,269,60
502,292,12
502,312,48
502,314,12
502,325,12
502,332,12
502,347,12
502,350,12
502,353,24
502,360,12
502,371,12
502,375,84
502,387,12
502,391,144
502,397,144
502,399,36
502,401,84
502,406,24
502,425,12
502,448,12
502,453,12
502,456,12
502,476,12
502,478,12
502,493,72
502,495,72
502,497,120
502,501,36
502,511,120
502,517,36
502,536,12
502,539,36
502,546,48
502,550,60
502,557,12
502,558,72
502,562,12
502,567,204
502,568,168
502,570,24
502,579,12
502,605,48
502,607,24
502,632,24
502,644,132
502,654,48
502,680,120
502,694,12
502,699,36
502,702,204
502,706,48
502,722,24
502,735,48
502,741,108
502,760,84
502,778,108
502,782,48
502,784,24
502,791,84
502,799,36
502,813,60
502,820,24
502,834,36
502,851,72
502,852,96
502,860,24
502,878,24
502,881,24
502,883,72
502,899,48
502,933,24
502,936,12
502,952,24
502,958,36
502,996,12
502,1034,24
511,31,12
511,41,12
511,57,12
511,65,24
511,72,24
511,84,12
511,87,36
511,113,12
511,141,48
511,146,12
511,167,24
511,187,12
511,193,12
511,234,12
511,237,12
511,241,36
511,263,48
511,269,12
511,292,12
511,312,12
511,325,12
511,332,12
511,347,12
511,350,12
511,353,36
511,360,12
511,371,12
511,375,108
511,387,12
511,391,60
511,397,60
511,399,36
511,401,252
511,406,12
511,425,12
511,448,12
511,453,24
511,456,12
511,476,12
511,493,48
511,495,36
511,497,84
511,501,12
511,502,264
511,517,24
511,539,12
511,546,72
511,550,24
511,558,36
511,567,324
511,568,336
511,570,12
511,579,12
511,605,12
511,644,36
511,654,12
511,680,216
511,694,12
511,699,12
511,702,300
511,706,36
511,722,12
511,735,24
511,741,72
511,760,36
511,778,276
511,782,24
511,784,12
511,791,36
511,799,24
511,813,48
511,820,12
511,834,84
511,851,60
511,852,72
511,860,24
511,878,24
511,881,60
511,883,48
511,899,48
511,933,24
511,936,36
511,952,36
511,958,72
511,1034,12
517,20,36
517,31,24
517,41,36
517,57,12
517,65,12
517,72,24
517,83,12
517,84,48
517,87,48
517,101,12
517,113,12
517,141,24
517,146,36
517,167,36
517,183,24
517,187,24
517,193,12
517,229,24
517,234,24
517,237,24
517,241,24
517,263,60
517,269,12
517,292,24
517,312,96
517,314,12
517,325,24
517,332,12
517,347,12
517,350,24
517,353,36
517,360,12
517,371,12
517,375,48
517,387,12
517,391,36
517,397,36
517,399,12
517,401,48
517,406,36
517,425,12
517,448,12
517,453,12
517,456,12
517,476,24
517,478,24
517,493,36
517,495,12
517,497,48
517,501,24
517,502,72
517,511,72
517,536,12
517,539,12
517,546,36
517,550,24
517,558,12
517,562,24
517,567,36
517,568,36
517,579,24
517,605,24
517,607,12
517,632,12
517,644,36
517,654,48
517,680,36
517,694,12
517,699,24
517,702,24
517,706,36
517,722,12
517,741,12
517,760,12
517,778,24
517,782,12
517,784,24
517,791,12
517,799,12
517,813,36
517,820,12
517,834,12
517,851,36
517,852,12
517,860,24
517,881,24
517,883,24
517,899,48
517,933,12
517,936,12
517,952,12
517,958,48
517,996,12
517,1034,12
536,20,36
536,31,12
536,41,12
536,57,12
536,65,12
536,72,36
536,84,24
536,87,24
536,101,12
536,113,48
536,141,12
536,146,108
536,167,36
536,183,12
536,187,24
536,229,24
536,234,36
536,237,36
536,263,12
536,269,48
536,292,24
536,312,48
536,314,12
536,325,36
536,332,24
536,347,84
536,350,36
536,353,48
536,360,72
536,371,60
536,375,12
536,387,48
536,391,24
536,397,24
536,399,24
536,401,12
536,406,12
536,425,12
536,448,24
536,453,12
536,456,60
536,476,48
536,478,48
536,493,24
536,495,12
536,497,24
536,501,24
536,502,12
536,517,12
536,539,48
536,546,12
536,550,36
536,557,24
536,558,12
536,562,24
536,567,12
536,568,12
536,570,12
536,579,12
536,605,12
536,607,72
536,632,24
536,644,36
536,654,36
536,680,24
536,694,24
536,699,36
536,702,12
536,706,12
536,722,36
536,735,24
536,741,12
536,778,12
536,782,24
536,784,60
536,791,12
536,813,36
536,820,12
536,834,12
536,851,12
536,852,12
536,860,12
536,878,12
536,881,36
536,883,12
536,899,36
536,933,12
536,936,12
536,958,12
539,20,24
539,31,24
539,41,48
539,57,24
539,65,24
539,72,24
539,83,36
539,84,48
539,87,168
539,101,12
539,113,36
539,141,24
539,146,108
539,167,12
539,183,72
539,187,36
539,193,24
539,229,48
539,234,24
539,237,48
539,241,12
539,263,36
539,269,48
539,292,12
539,312,204
539,314,12
539,325,12
539,332,24
539,347,12
539,350,24
539,353,72
539,360,48
539,371,24
539,375,36
539,387,72
539,391,36
539,397,48
539,399,36
539,401,12
539,406,24
539,425,12
539,448,72
539,453,24
539,456,12
539,476,84
539,478,48
539,493,24
539,495,12
539,497,12
539,501,24
539,502,36
539,511,24
539,517,36
539,536,36
539,546,24
539,550,48
539,557,24
539,562,36
539,567,12
539,568,12
539,570,24
539,579,36
539,605,12
539,607,12
539,632,60
539,644,36
539,654,48
539,680,12
539,694,12
539,699,24
539,702,12
539,706,36
539,722,60
539,735,36
539,741,24
539,760,12
539,782,36
539,784,72
539,791,36
539,813,36
539,820,48
539,851,12
539,852,12
539,860,24
539,881,36
539,883,60
539,899,72
539,933,24
539,936,12
539,952,12
539,958,12
539,996,12
546,57,24
546,65,12
546,72,60
546,83,12
546,84,12
546,87,24
546,101,12
546,113,12
546,141,24
546,146,24
546,167,12
546,183,12
546,187,12
546,193,12
546,229,12
546,237,12
546,241,12
546,263,36
546,269,24
546,292,12
546,312,12
546,325,12
546,332,12
546,350,12
546,353,24
546,360,12
546,371,12
546,375,24
546,387,12
546,391,96
546,397,96
546,399,12
546,401,24
546,406,12
546,425,24
546,448,24
546,453,12
546,456,24
546,476,12
546,478,12
546,493,48
546,495,24
546,497,48
546,501,12
546,502,168
546,511,36
546,517,12
546,536,12
546,539,24
546,550,12
546,558,12
546,567,96
546,568,144
546,570,12
546,579,24
546,605,12
546,632,12
546,644,48
546,654,12
546,680,48
546,694,12
546,699,24
546,702,108
546,706,12
546,722,12
546,735,36
546,741,72
546,760,24
546,778,108
546,782,36
546,784,24
546,791,72
546,799,24
546,813,48
546,820,12
546,834,12
546,851,36
546,852,84
546,860,12
546,878,12
546,881,60
546,883,24
546,899,36
546,933,12
546,936,12
546,952,12
546,958,60
546,996,12
546,1034,24
550,20,12
550,31,12
550,41,12
550,57,12
550,65,12
550,72,36
550,83,12
550,84,36
550,87,60
550,101,12
550,113,24
550,141,48
550,146,48
550,183,12
550,187,36
550,229,12
550,234,12
550,237,12
550,241,12
550,263,36
550,269,36
550,292,12
550,312,48
550,314,12
550,325,24
550,332,12
550,347,12
550,350,36
550,353,24
550,360,12
550,375,60
550,387,12
550,391,72
550,397,60
550,399,24
550,401,60
550,406,60
550,425,36
550,448,48
550,453,24
550,456,12
550,476,12
550,478,12
550,493,24
550,495,24
550,497,84
550,501,36
550,502,120
550,511,36
550,517,12
550,536,12
550,539,60
550,546,84
550,558,60
550,562,12
550,567,60
550,568,120
550,570,12
550,579,12
550,605,12
550,607,24
550,632,12
550,644,36
550,654,12
550,680,72
550,694,24
550,699,48
550,702,60
550,706,36
550,722,36
550,735,48
550,741,48
550,760,24
550,778,12
550,782,48
550,784,60
550,791,36
550,799,12
550,813,72
550,820,24
550,834,36
550,851,48
550,852,36
550,860,24
550,878,12
550,881,60
550,883,12
550,899,60
550,933,12
550,936,24
550,958,36
550,996,12
550,1034,12
557,20,12
557,31,12
557,41,12
557,65,12
557,72,24
557,83,12
557,84,24
557,87,24
557,101,24
557,113,24
557,146,36
557,167,12
557,187,12
557,193,12
557,229,12
557,234,48
557,237,12
557,241,12
557,269,36
557,312,12
557,314,12
557,325,48
557,332,24
557,347,24
557,350,12
557,353,12
557,360,36
557,371,48
557,387,24
557,391,12
557,399,12
557,425,12
557,448,24
557,456,84
557,476,12
557,478,36
557,493,12
557,497,12
557,501,12
557,502,12
557,517,12
557,536,24
557,539,12
557,546,12
557,562,12
557,579,12
557,605,12
557,607,12
557,632,12
557,654,12
557,694,36
557,699,12
557,706,12
557,722,24
557,741,12
557,813,12
557,820,12
557,851,12
557,881,12
557,933,24
557,936,12
557,958,12
557,1034,12
558,20,12
558,41,12
558,57,24
558,65,24
558,72,36
558,83,12
558,84,24
558,87,60
558,101,12
558,113,48
558,141,12
558,146,60
558,167,12
558,183,12
558,187,12
558,193,12
558,229,24
558,234,12
558,237,24
558,241,12
558,263,36
558,269,36
558,292,12
558,312,96
558,314,12
558,325,24
558,332,12
558,350,24
558,353,72
558,360,48
558,371,12
558,375,24
558,387,24
558,391,36
558,397,24
558,399,36
558,401,24
558,406,36
558,425,36
558,448,48
558,453,24
558,456,36
558,476,24
558,478,24
558,493,36
558,495,24
558,497,24
558,501,24
558,502,36
558,511,24
558,517,12
558,536,12
558,539,12
558,546,24
558,550,48
558,557,12
558,562,12
558,567,24
558,568,36
558,570,12
558,579,24
558,605,24
558,607,12
558,632,12
558,644,60
558,654,12
558,680,36
558,699,24
558,702,24
558,706,60
558,722,12
558,735,24
558,741,36
558,760,24
558,778,12
558,782,48
558,784,12
558,791,24
558,799,12
558,813,24
558,820,24
558,834,12
558,851,36
558,852,24
558,860,24
558,878,12
558,881,12
558,883,36
558,899,24
558,933,12
558,936,12
558,958,12
558,1034,12
562,20,12
562,31,36
562,41,24
562,65,12
562,72,36
562,83,12
562,84,12
562,87,36
562,101,24
562,113,12
562,146,72
562,167,36
562,187,12
562,193,12
562,234,60
562,237,24
562,263,12
562,269,72
562,312,108
562,314,48
562,325,72
562,332,24
562,347,108
562,350,24
562,353,24
562,360,48
562,371,72
562,387,48
562,391,24
562,397,12
562,399,12
562,401,12
562,406,12
562,425,12
562,448,60
562,453,12
562,456,108
562,476,48
562,478,144
562,493,12
562,495,12
562,497,12
562,501,12
562,502,24
562,536,12
562,539,36
562,546,12
562,550,12
562,557,36
562,558,12
562,567,12
562,570,12
562,579,24
562,607,72
562,632,24
562,654,12
562,680,24
562,694,12
562,699,12
562,702,12
562,706,12
562,722,36
562,735,12
562,741,12
562,782,12
562,784,24
562,791,12
562,799,12
562,813,12
562,820,48
562,851,12
562,860,24
562,878,12
562,881,12
562,899,12
562,933,12
562,936,12
562,958,24
562,996,12
562,1034,12
567,20,12
567,31,12
567,57,12
567,65,12
567,84,12
567,87,24
567,113,12
567,146,12
567,167,12
567,183,12
567,187,12
567,193,12
567,234,24
567,237,12
567,241,24
567,263,24
567,269,24
567,292,36
567,314,12
567,350,12
567,353,24
567,360,12
567,371,12
567,375,24
567,387,12
567,391,72
567,397,24
567,399,12
567,401,132
567,448,12
567,453,12
567,456,24
567,493,24
567,495,12
567,497,48
567,502,240
567,511,156
567,517,12
567,536,12
567,539,12
567,546,108
567,550,12
567,558,24
567,568,240
567,570,12
567,579,12
567,605,12
567,607,12
567,632,12
567,644,36
567,654,12
567,680,72
567,699,24
567,702,288
567,706,12
567,735,24
567,741,48
567,760,12
567,778,324
567,782,12
567,784,12
567,791,48
567,799,60
567,813,36
567,820,12
567,834,120
567,851,36
567,852,168
567,860,24
567,881,60
567,883,36
567,899,48
567,933,24
567,936,12
567,952,36
567,958,84
567,996,48
567,1034,36
568,20,12
568,31,12
568,57,24
568,65,12
568,72,24
568,83,12
568,84,12
568,87,24
568,113,12
568,141,24
568,146,12
568,167,12
568,183,12
568,187,12
568,193,12
568,229,12
568,234,12
568,237,24
568,241,12
568,263,12
568,269,12
568,292,12
568,312,12
568,314,12
568,325,12
568,332,12
568,353,12
568,360,12
568,375,36
568,387,12
568,391,72
568,397,108
568,401,156
568,406,24
568,425,12
568,448,12
568,476,12
568,478,12
568,493,36
568,495,36
568,497,96
568,501,12
568,502,312
568,511,144
568,517,24
568,536,12
568,539,12
568,546,120
568,550,12
568,557,12
568,558,24
568,562,12
568,567,204
568,579,12
568,605,36
568,607,12
568,632,12
568,644,60
568,654,36
568,680,84
568,694,12
568,699,12
568,702,300
568,706,24
568,722,12
568,735,12
568,741,72
568,760,36
568,778,264
568,782,12
568,784,48
568,791,120
568,799,36
568,813,48
568,820,12
568,834,60
568,851,132
568,852,96
568,860,24
568,878,12
568,881,72
568,883,60
568,899,96
568,933,48
568,936,24
568,952,36
568,958,60
568,996,12
568,1034,36
570,20,12
570,41,12
570,65,12
570,72,12
570,84,12
570,87,48
570,113,12
570,146,12
570,167,24
570,183,12
570,187,12
570,193,12
570,234,12
570,241,12
570,263,24
570,269,60
570,292,12
570,312,48
570,314,12
570,325,12
570,332,12
570,347,24
570,350,36
570,353,48
570,360,24
570,371,24
570,375,24
570,387,24
570,391,36
570,397,12
570,399,12
570,401,12
570,406,12
570,425,12
570,448,60
570,453,12
570,456,12
570,476,12
570,478,12
570,493,12
570,495,12
570,497,24
570,501,36
570,502,24
570,511,24
570,517,12
570,536,12
570,539,24
570,546,12
570,550,12
570,558,12
570,562,12
570,567,12
570,568,24
570,579,12
570,605,12
570,607,24
570,632,12
570,644,24
570,680,12
570,699,12
570,702,24
570,706,12
570,722,12
570,735,12
570,741,48
570,760,12
570,778,12
570,782,12
570,784,12
570,791,24
570,799,12
570,813,12
570,820,24
570,851,48
570,852,36
570,860,12
570,881,12
570,883,12
570,899,12
570,933,12
570,958,12
579,20,12
579,31,24
579,41,12
579,57,12
579,65,12
579,72,24
579,87,72
579,113,24
579,141,12
579,146,48
579,167,36
579,183,12
579,187,12
579,229,12
579,234,48
579,237,24
579,241,12
579,263,12
579,269,24
579,292,12
579,312,72
579,314,12
579,325,48
579,332,24
579,347,48
579,350,24
579,353,60
579,360,36
579,371,12
579,375,12
579,387,60
579,391,24
579,397,12
579,399,36
579,401,12
579,406,36
579,425,36
579,448,48
579,453,36
579,456,36
579,476,48
579,478,60
579,493,12
579,495,36
579,501,12
579,502,36
579,517,24
579,536,12
579,539,12
579,546,12
579,550,36
579,557,60
579,558,12
579,562,24
579,567,12
579,568,12
579,570,24
579,605,36
579,607,48
579,632,12
579,644,12
579,654,60
579,680,12
579,694,36
579,699,48
579,702,12
579,706,12
579,722,60
579,735,60
579,741,12
579,760,12
579,782,12
579,784,48
579,791,12
579,813,36
579,820,24
579,834,12
579,851,60
579,860,36
579,878,12
579,881,12
579,883,12
579,899,36
579,933,24
579,952,12
579,958,12
579,996,12
579,1034,12
605,20,24
605,31,12
605,41,12
605,57,12
605,65,12
605,72,36
605,83,24
605,84,60
605,87,48
605,113,12
605,141,12
605,146,48
605,167,12
605,187,24
605,193,12
605,229,12
605,234,48
605,237,36
605,241,12
605,263,24
605,269,24
605,292,12
605,312,96
605,314,12
605,325,24
605,332,12
605,347,24
605,350,24
605,353,84
605,360,48
605,371,24
605,375,12
605,387,36
605,391,84
605,397,12
605,399,24
605,401,36
605,406,36
605,425,24
605,448,60
605,453,24
605,456,12
605,476,36
605,478,24
605,493,36
605,495,12
605,497,12
605,501,72
605,502,84
605,511,36
605,517,24
605,536,24
605,539,60
605,546,24
605,550,12
605,558,48
605,562,12
605,567,12
605,568,36
605,570,12
605,579,24
605,607,24
605,632,12
605,644,12
605,654,12
605,680,24
605,694,12
605,699,36
605,702,24
605,722,12
605,735,24
605,741,12
605,760,24
605,778,12
605,782,48
605,784,48
605,791,24
605,799,12
605,813,48
605,820,36
605,834,12
605,851,36
605,852,12
605,860,12
605,878,12
605,881,36
605,883,24
605,899,24
605,933,12
605,936,12
605,958,12
607,20,36
607,31,12
607,41,60
607,57,36
607,65,24
607,72,36
607,83,12
607,84,24
607,87,84
607,101,12
607,113,48
607,141,24
607,146,72
607,167,48
607,183,12
607,187,24
607,193,12
607,229,12
607,234,36
607,237,60
607,241,12
607,263,12
607,269,24
607,292,24
607,312,84
607,314,24
607,325,72
607,332,24
607,347,60
607,350,60
607,353,84
607,360,84
607,371,36
607,375,12
607,387,60
607,391,60
607,397,24
607,399,48
607,401,12
607,406,36
607,425,36
607,448,72
607,453,24
607,456,48
607,476,84
607,478,84
607,493,36
607,495,48
607,497,36
607,501,24
607,502,48
607,511,12
607,517,48
607,536,48
607,539,12
607,546,24
607,550,36
607,557,24
607,562,48
607,567,12
607,568,24
607,570,24
607,579,24
607,605,36
607,632,48
607,644,48
607,654,24
607,680,12
607,694,12
607,699,72
607,702,12
607,706,48
607,722,84
607,735,48
607,741,12
607,760,24
607,778,12
607,782,36
607,784,12
607,799,36
607,813,48
607,820,84
607,834,12
607,851,72
607,852,12
607,860,60
607,878,12
607,881,60
607,883,12
607,899,72
607,933,36
607,936,12
607,952,12
607,958,36
607,996,12
607,1034,12
632,20,12
632,31,12
632,41,36
632,57,12
632,65,24
632,72,12
632,83,12
632,84,12
632,87,48
632,113,36
632,141,12
632,146,36
632,167,12
632,193,12
632,234,24
632,237,24
632,269,36
632,292,12
632,312,60
632,314,12
632,325,36
632,347,84
632,350,24
632,353,24
632,360,24
632,371,24
632,375,12
632,387,24
632,391,24
632,399,12
632,401,12
632,406,12
632,425,48
632,448,12
632,453,24
632,456,48
632,476,96
632,478,132
632,493,12
632,495,12
632,497,12
632,501,12
632,502,12
632,511,12
632,517,24
632,536,12
632,539,12
632,546,12
632,550,24
632,557,48
632,558,12
632,562,24
632,568,12
632,570,24
632,579,12
632,605,12
632,607,48
632,654,12
632,680,12
632,694,24
632,699,12
632,702,12
632,706,24
632,722,60
632,735,12
632,741,24
632,760,12
632,782,12
632,784,48
632,813,24
632,820,24
632,834,12
632,851,12
632,860,48
632,878,12
632,881,12
632,883,12
632,899,24
632,933,12
632,936,12
632,958,24
632,996,24
632,1034,12
644,20,48
644,31,24
644,41,12
644,57,24
644,65,60
644,72,60
644,83,24
644,84,24
644,87,132
644,101,12
644,113,36
644,141,36
644,146,108
644,167,60
644,183,24
644,187,36
644,193,12
644,229,48
644,234,24
644,237,72
644,241,24
644,263,60
644,269,36
644,292,36
644,312,108
644,314,12
644,325,24
644,332,24
644,347,12
644,350,48
644,353,96
644,360,60
644,371,24
644,375,72
644,387,36
644,391,84
644,397,36
644,399,60
644,401,96
644,406,84
644,425,24
644,448,96
644,453,24
644,456,12
644,476,24
644,478,24
644,493,60
644,495,48
644,497,108
644,501,84
644,502,180
644,511,108
644,517,60
644,536,24
644,539,48
644,546,108
644,550,24
644,557,12
644,558,168
644,562,12
644,567,84
644,568,96
644,570,60
644,579,12
644,605,12
644,607,72
644,632,12
644,654,36
644,680,108
644,694,24
644,699,24
644,702,72
644,706,12
644,722,72
644,735,24
644,741,48
644,760,84
644,778,72
644,782,60
644,784,36
644,791,108
644,799,48
644,813,60
644,820,36
644,834,48
644,851,60
644,852,144
644,860,72
644,878,12
644,881,48
644,883,36
644,899,48
644,933,48
644,936,36
644,952,24
644,958,72
644,996,12
644,1034,12
654,20,24
654,31,12
654,41,48
654,57,36
654,65,24
654,72,12
654,83,12
654,84,36
654,87,96
654,101,12
654,113,12
654,141,12
654,146,72
654,167,12
654,183,12
654,187,24
654,193,12
654,229,12
654,234,36
654,237,24
654,263,12
654,269,84
654,292,24
654,312,108
654,314,12
654,325,24
654,332,24
654,347,24
654,350,12
654,353,36
654,360,48
654,371,48
654,375,12
654,387,84
654,391,60
654,397,24
654,399,24
654,401,12
654,406,36
654,425,72
654,448,24
654,453,12
654,456,36
654,476,36
654,478,60
654,493,48
654,495,24
654,497,36
654,501,60
654,502,48
654,511,12
654,517,48
654,536,72
654,539,12
654,546,24
654,550,24
654,558,12
654,562,12
654,567,36
654,568,12
654,570,24
654,579,36
654,605,24
654,607,12
654,632,24
654,644,24
654,680,12
654,694,12
654,699,36
654,702,24
654,706,12
654,722,24
654,735,48
654,741,12
654,760,12
654,778,12
654,782,24
654,784,36
654,791,24
654,799,12
654,813,60
654,820,36
654,834,12
654,851,72
654,852,36
654,860,60
654,881,36
654,883,12
654,899,60
654,933,36
654,936,12
654,952,12
654,958,48
654,996,12
680,20,12
680,31,12
680,57,12
680,65,12
680,72,12
680,84,24
680,87,24
680,113,24
680,146,24
680,167,12
680,183,12
680,187,12
680,193,12
680,234,12
680,237,24
680,241,12
680,263,36
680,292,12
680,312,24
680,325,12
680,332,12
680,347,12
680,353,24
680,375,12
680,387,24
680,391,36
680,397,48
680,399,12
680,401,24
680,406,12
680,425,12
680,448,12
680,456,12
680,476,12
680,478,12
680,493,12
680,495,48
680,497,60
680,501,24
680,502,240
680,511,96
680,517,12
680,536,12
680,539,24
680,546,132
680,550,24
680,558,24
680,562,12
680,567,72
680,568,60
680,570,12
680,605,12
680,607,12
680,632,12
680,644,48
680,654,36
680,694,12
680,699,12
680,702,144
680,706,12
680,722,24
680,735,12
680,741,60
680,760,48
680,778,132
680,782,36
680,784,12
680,791,120
680,799,36
680,813,48
680,820,12
680,834,72
680,851,120
680,852,132
680,860,24
680,878,24
680,881,132
680,883,36
680,899,108
680,933,36
680,936,48
680,952,24
680,958,72
680,996,12
680,1034,24
694,20,12
694,31,12
694,41,24
694,57,12
694,65,24
694,72,36
694,83,24
694,84,12
694,87,48
694,113,24
694,141,12
694,146,60
694,167,12
694,183,12
694,187,12
694,234,12
694,237,24
694,263,12
694,269,12
694,312,60
694,314,24
694,325,36
694,332,12
694,347,60
694,350,36
694,353,24
694,360,36
694,371,12
694,375,12
694,387,60
694,391,12
694,397,12
694,399,24
694,406,12
694,425,48
694,448,48
694,453,24
694,456,72
694,476,60
694,478,120
694,493,12
694,495,36
694,497,24
694,501,48
694,502,24
694,511,12
694,517,36
694,536,12
694,539,12
694,546,24
694,550,12
694,557,24
694,558,12
694,562,96
694,567,12
694,568,12
694,570,12
694,579,36
694,605,12
694,607,24
694,632,36
694,644,24
694,654,12
694,680,12
694,699,24
694,702,12
694,706,12
694,722,24
694,735,24
694,741,12
694,760,12
694,778,12
694,782,36
694,784,48
694,791,24
694,799,12
694,813,12
694,820,72
694,834,12
694,851,24
694,852,12
694,860,72
694,878,12
694,881,12
694,883,12
694,899,108
694,933,36
694,936,12
694,958,48
694,996,36
694,1034,12
699,20,24
699,31,24
699,41,48
699,57,12
699,65,12
699,72,24
699,83,12
699,84,36
699,87,24
699,101,12
699,113,12
699,141,12
699,146,60
699,167,36
699,187,36
699,193,12
699,229,12
699,234,24
699,237,24
699,241,12
699,263,12
699,269,12
699,292,12
699,312,72
699,325,24
699,332,24
699,347,48
699,350,24
699,353,24
699,360,24
699,371,12
699,375,36
699,387,24
699,391,24
699,397,24
699,399,24
699,401,36
699,406,12
699,425,36
699,448,36
699,453,24
699,456,36
699,476,72
699,478,24
699,493,12
699,497,60
699,501,36
699,502,60
699,511,36
699,517,24
699,536,72
699,539,12
699,546,12
699,550,12
699,557,12
699,558,36
699,562,12
699,567,24
699,568,48
699,570,12
699,579,96
699,605,12
699,607,144
699,632,36
699,644,36
699,654,12
699,680,48
699,694,24
699,702,60
699,706,12
699,722,12
699,735,12
699,741,36
699,760,36
699,778,24
699,782,60
699,784,60
699,791,36
699,799,12
699,813,180
699,820,36
699,834,12
699,851,48
699,852,48
699,860,48
699,878,12
699,881,108
699,883,12
699,899,120
699,933,24
699,936,12
699,952,12
699,958,84
699,996,60
699,1034,12
702,41,12
702,57,24
702,65,12
702,72,24
702,83,12
702,84,12
702,87,48
702,101,12
702,141,12
702,146,24
702,167,12
702,183,12
702,193,12
702,229,12
702,237,36
702,241,24
702,263,36
702,269,12
702,292,12
702,312,12
702,332,12
702,350,12
702,353,24
702,360,12
702,371,12
702,375,60
702,387,12
702,391,48
702,397,84
702,399,12
702,401,96
702,406,12
702,425,12
702,448,12
702,453,12
702,456,12
702,476,24
702,478,24
702,493,60
702,495,12
702,497,60
702,501,12
702,502,240
702,511,264
702,517,12
702,536,24
702,539,12
702,546,168
702,550,24
702,557,12
702,558,12
702,562,12
702,567,312
702,568,348
702,570,12
702,579,24
702,605,12
702,607,24
702,632,12
702,644,48
702,654,24
702,680,216
702,699,12
702,706,12
702,722,12
702,735,12
702,741,60
702,760,36
702,778,468
702,782,48
702,784,12
702,791,60
702,799,24
702,813,36
702,820,12
702,834,216
702,851,108
702,852,108
702,860,24
702,881,60
702,883,144
702,899,36
702,933,96
702,936,108
702,952,96
702,958,84
702,996,36
702,1034,132
706,20,12
706,31,12
706,57,12
706,65,12
706,72,36
706,83,12
706,84,24
706,87,60
706,101,12
706,113,24
706,141,36
706,146,72
706,167,12
706,183,12
706,187,48
706,229,12
706,234,12
706,237,12
706,241,12
706,263,24
706,269,12
706,292,12
706,312,48
706,325,12
706,332,12
706,347,12
706,350,24
706,353,36
706,360,24
706,371,12
706,375,36
706,387,48
706,391,48
706,397,24
706,399,36
706,401,36
706,406,12
706,425,36
706,448,60
706,453,24
706,456,12
706,476,36
706,478,36
706,493,12
706,495,36
706,497,72
706,501,24
706,502,132
706,511,24
706,517,12
706,536,36
706,539,24
706,546,48
706,550,12
706,557,12
706,558,84
706,562,36
706,567,60
706,568,108
706,570,24
706,579,24
706,605,12
706,607,36
706,632,12
706,644,12
706,654,84
706,680,72
706,694,24
706,699,48
706,702,36
706,722,60
706,735,12
706,741,36
706,760,96
706,778,72
706,782,60
706,784,60
706,791,120
706,799,36
706,813,120
706,820,24
706,834,24
706,851,132
706,852,168
706,860,60
706,878,24
706,881,60
706,883,84
706,899,108
706,933,24
706,936,24
706,958,96
706,996,48
706,1034,12
722,20,24
722,31,24
722,41,24
722,57,12
722,72,24
722,84,36
722,87,48
722,101,12
722,113,24
722,146,84
722,167,24
722,183,12
722,187,12
722,193,12
722,234,60
722,237,24
722,263,24
722,269,48
722,292,12
722,312,72
722,314,36
722,325,24
722,332,12
722,347,72
722,350,12
722,353,24
722,360,24
722,371,60
722,375,12
722,387,60
722,391,24
722,397,24
722,399,12
722,401,24
722,406,48
722,425,36
722,448,12
722,453,24
722,456,60
722,476,108
722,478,72
722,493,24
722,495,24
722,497,12
722,501,36
722,502,36
722,511,12
722,517,36
722,536,36
722,539,24
722,546,12
722,550,36
722,557,84
722,558,12
722,562,84
722,567,12
722,568,12
722,570,24
722,579,60
722,605,36
722,607,72
722,632,204
722,644,36
722,654,36
722,680,48
722,694,48
722,699,36
722,702,12
722,706,24
722,735,24
722,741,36
722,760,12
722,778,12
722,782,36
722,784,96
722,791,24
722,799,12
722,813,24
722,820,96
722,834,12
722,851,24
722,852,24
722,860,180
722,878,24
722,881,60
722,883,12
722,899,204
722,933,72
722,936,24
722,952,12
722,958,72
722,996,12
722,1034,12
735,20,24
735,31,12
735,41,12
735,57,12
735,65,12
735,72,48
735,84,12
735,87,84
735,101,12
735,113,24
735,141,24
735,146,36
735,167,12
735,183,12
735,187,12
735,193,12
735,229,12
735,234,12
735,237,12
735,241,12
735,263,12
735,269,12
735,292,12
735,312,60
735,314,12
735,332,12
735,347,12
735,350,12
735,353,36
735,360,12
735,371,12
735,375,24
735,387,48
735,391,72
735,397,60
735,399,24
735,401,12
735,406,24
735,425,12
735,448,60
735,453,36
735,456,12
735,476,48
735,478,48
735,493,12
735,495,36
735,497,48
735,501,48
735,502,132
735,511,60
735,517,24
735,536,48
735,539,12
735,546,96
735,550,24
735,557,12
735,558,36
735,562,12
735,567,48
735,568,48
735,570,12
735,579,72
735,605,24
735,607,96
735,632,12
735,644,36
735,654,72
735,680,72
735,694,60
735,699,48
735,702,72
735,706,12
735,722,72
735,741,36
735,760,84
735,778,24
735,782,60
735,784,96
735,791,84
735,799,12
735,813,264
735,820,60
735,834,12
735,851,228
735,852,108
735,860,120
735,878,72
735,881,144
735,883,60
735,899,180
735,933,72
735,936,12
735,952,12
735,958,120
735,996,24
735,1034,24
741,20,12
741,31,12
741,41,12
741,57,24
741,72,60
741,84,12
741,87,24
741,141,12
741,146,48
741,167,12
741,183,12
741,187,12
741,193,12
741,234,12
741,237,12
741,241,12
741,263,24
741,269,12
741,312,36
741,314,12
741,325,24
741,350,24
741,353,48
741,360,24
741,371,12
741,375,24
741,387,12
741,391,24
741,397,36
741,399,24
741,401,72
741,406,24
741,425,24
741,448,36
741,453,12
741,456,12
741,476,24
741,478,12
741,493,12
741,495,24
741,497,24
741,501,36
741,502,180
741,511,72
741,517,12
741,536,12
741,539,12
741,546,60
741,550,24
741,557,12
741,558,84
741,562,12
741,567,48
741,568,132
741,570,60
741,579,36
741,605,36
741,607,24
741,632,12
741,644,72
741,654,84
741,680,132
741,694,12
741,699,72
741,702,60
741,706,12
741,722,36
741,735,24
741,760,144
741,778,24
741,782,60
741,784,36
741,791,192
741,799,84
741,813,120
741,820,48
741,851,216
741,852,240
741,860,36
741,878,48
741,881,84
741,883,144
741,899,84
741,933,72
741,936,12
741,952,12
741,958,84
741,996,24
741,1034,24
760,20,12
760,31,12
760,41,12
760,72,48
760,83,12
760,84,12
760,87,36
760,101,12
760,113,12
760,141,12
760,146,36
760,187,12
760,229,12
760,234,24
760,237,24
760,263,12
760,269,24
760,292,12
760,312,36
760,314,12
760,325,12
760,332,12
760,347,12
760,350,24
760,353,12
760,360,12
760,371,12
760,375,24
760,387,12
760,391,12
760,397,24
760,399,12
760,401,12
760,406,12
760,425,12
760,448,24
760,453,12
760,456,12
760,476,12
760,478,12
760,493,24
760,495,12
760,497,60
760,501,24
760,502,72
760,511,60
760,517,12
760,536,12
760,539,24
760,546,108
760,550,12
760,557,12
760,558,24
760,567,84
760,568,108
760,570,24
760,579,12
760,605,72
760,607,12
760,632,12
760,644,132
760,654,48
760,680,36
760,694,24
760,699,60
760,702,36
760,706,36
760,722,24
760,735,24
760,741,60
760,778,36
760,782,24
760,784,60
760,791,84
760,799,48
760,813,48
760,820,12
760,851,84
760,852,240
760,860,48
760,878,24
760,881,36
760,883,108
760,899,84
760,933,24
760,936,12
760,952,24
760,958,60
760,996,24
760,1034,12
778,20,12
778,57,12
778,65,12
778,72,24
778,83,12
778,84,12
778,87,24
778,101,12
778,113,12
778,141,12
778,146,12
778,167,12
778,187,12
778,193,12
778,229,12
778,234,12
778,237,12
778,241,12
778,263,24
778,269,24
778,292,12
778,312,24
778,332,12
778,347,12
778,350,12
778,353,24
778,360,24
778,371,12
778,375,72
778,391,24
778,397,48
778,399,12
778,401,24
778,406,12
778,425,24
778,448,12
778,476,12
778,478,12
778,493,12
778,495,24
778,497,72
778,501,12
778,502,132
778,511,84
778,517,12
778,539,12
778,546,60
778,550,12
778,557,12
778,558,12
778,562,12
778,567,216
778,568,192
778,570,12
778,579,12
778,605,12
778,607,12
778,644,48
778,654,12
778,680,132
778,694,12
778,699,12
778,702,444
778,706,12
778,722,24
778,735,12
778,741,12
778,782,24
778,784,12
778,791,24
778,799,72
778,813,24
778,820,12
778,834,264
778,851,48
778,852,60
778,860,12
778,878,12
778,881,36
778,883,60
778,899,24
778,933,60
778,936,108
778,952,132
778,958,60
778,996,36
778,1034,144
782,41,12
782,57,12
782,65,12
782,72,12
782,83,12
782,84,12
782,87,12
782,101,12
782,113,12
782,141,12
782,146,24
782,183,12
782,187,36
782,234,24
782,237,12
782,241,12
782,263,12
782,269,12
782,292,12
782,312,48
782,325,12
782,332,12
782,347,12
782,350,24
782,353,24
782,360,12
782,371,12
782,375,12
782,387,12
782,391,12
782,399,24
782,401,12
782,406,12
782,425,12
782,453,24
782,456,12
782,476,12
782,478,24
782,493,12
782,495,12
782,497,24
782,501,12
782,502,144
782,511,24
782,539,24
782,546,36
782,550,12
782,557,12
782,558,24
782,562,36
782,567,36
782,568,12
782,570,12
782,579,12
782,605,12
782,607,48
782,632,36
782,644,48
782,654,24
782,680,12
782,694,24
782,699,60
782,702,36
782,706,36
782,722,108
782,735,60
782,741,36
782,760,24
782,778,12
782,784,84
782,791,96
782,799,12
782,813,36
782,820,24
782,834,24
782,851,168
782,852,48
782,860,48
782,878,108
782,881,168
782,883,24
782,899,96
782,933,48
782,936,12
782,952,12
782,958,96
782,996,12
782,1034,12
784,20,12
784,31,24
784,41,12
784,57,12
784,65,12
784,72,36
784,83,12
784,84,24
784,87,36
784,101,12
784,113,12
784,141,12
784,146,48
784,167,12
784,183,12
784,187,24
784,193,12
784,229,12
784,234,12
784,237,24
784,241,24
784,263,12
784,269,48
784,292,24
784,312,60
784,314,12
784,325,36
784,332,12
784,347,36
784,350,12
784,353,60
784,360,24
784,371,48
784,375,24
784,387,60
784,391,36
784,397,12
784,399,12
784,401,12
784,406,12
784,425,24
784,448,36
784,453,36
784,456,60
784,476,84
784,478,84
784,493,12
784,495,12
784,497,36
784,501,36
784,502,48
784,511,48
784,517,12
784,536,36
784,539,12
784,546,12
784,550,24
784,557,12
784,558,24
784,562,60
784,567,24
784,568,36
784,570,12
784,579,48
784,605,24
784,607,132
784,632,84
784,644,72
784,654,36
784,680,36
784,694,120
784,699,60
784,702,12
784,706,48
784,722,72
784,735,24
784,741,84
784,760,36
784,778,12
784,782,48
784,791,48
784,799,12
784,813,96
784,820,84
784,834,12
784,851,96
784,852,60
784,860,108
784,878,36
784,881,60
784,899,168
784,933,24
784,936,12
784,952,12
784,958,108
784,996,48
784,1034,12
791,20,24
791,31,12
791,41,12
791,57,12
791,65,12
791,72,72
791,84,12
791,87,48
791,101,12
791,113,12
791,141,12
791,146,24
791,167,12
791,183,12
791,187,12
791,193,12
791,229,12
791,234,24
791,237,24
791,241,12
791,263,24
791,269,24
791,292,12
791,312,12
791,314,12
791,325,12
791,332,12
791,347,12
791,350,12
791,353,12
791,360,12
791,371,36
791,375,12
791,387,12
791,391,60
791,397,12
791,399,12
791,401,36
791,406,12
791,425,24
791,453,24
791,456,12
791,476,12
791,493,24
791,495,24
791,497,36
791,501,24
791,502,192
791,511,60
791,517,12
791,536,12
791,539,12
791,546,84
791,550,36
791,557,12
791,558,60
791,567,84
791,568,228
791,570,24
791,579,12
791,605,36
791,607,12
791,632,12
791,644,144
791,654,48
791,680,168
791,694,12
791,699,60
791,702,144
791,706,60
791,722,12
791,735,72
791,741,96
791,760,60
791,778,72
791,782,96
791,784,60
791,799,36
791,813,108
791,820,12
791,834,24
791,851,72
791,852,168
791,860,12
791,878,24
791,881,84
791,883,84
791,899,192
791,933,36
791,936,12
791,952,12
791,958,120
791,996,36
791,1034,36
799,20,12
799,31,12
799,41,12
799,72,12
799,84,24
799,87,24
799,113,12
799,141,12
799,146,12
799,167,12
799,187,12
799,193,12
799,234,12
799,241,12
799,263,12
799,269,12
799,312,36
799,314,12
799,325,12
799,332,12
799,347,12
799,350,12
799,353,12
799,387,12
799,391,24
799,397,36
799,401,12
799,406,12
799,448,12
799,453,12
799,456,12
799,478,12
799,495,12
799,497,36
799,501,24
799,502,108
799,511,60
799,517,12
799,536,12
799,546,60
799,550,12
799,557,12
799,558,72
799,567,72
799,568,60
799,570,12
799,605,36
799,607,12
799,632,12
799,644,48
799,654,12
799,680,144
799,694,12
799,699,12
799,702,36
799,706,12
799,722,12
799,735,24
799,741,84
799,760,96
799,778,48
799,782,24
799,784,24
799,791,60
799,813,60
799,820,12
799,834,24
799,851,48
799,852,48
799,860,12
799,881,36
799,883,96
799,899,36
799,933,12
799,936,12
799,952,12
799,958,108
799,996,12
799,1034,36
813,20,12
813,31,12
813,41,12
813,57,12
813,65,12
813,72,12
813,84,12
813,87,48
813,101,12
813,113,12
813,141,12
813,146,48
813,167,12
813,183,12
813,187,24
813,193,12
813,234,24
813,237,36
813,263,36
813,269,24
813,292,12
813,312,96
813,325,24
813,332,12
813,347,24
813,350,24
813,353,48
813,360,12
813,371,12
813,375,12
813,387,12
813,391,48
813,397,48
813,399,24
813,401,12
813,406,12
813,425,12
813,448,24
813,453,36
813,476,12
813,478,12
813,493,36
813,495,12
813,497,24
813,501,36
813,502,156
813,511,48
813,517,24
813,536,12
813,539,12
813,546,84
813,550,48
813,557,12
813,558,12
813,562,12
813,567,84
813,568,72
813,570,12
813,579,24
813,605,72
813,607,24
813,644,84
813,654,48
813,680,72
813,694,48
813,699,96
813,702,60
813,706,84
813,722,72
813,735,48
813,741,180
813,760,60
813,778,84
813,782,60
813,784,84
813,791,132
813,799,84
813,820,84
813,834,12
813,851,132
813,852,108
813,860,36
813,878,12
813,881,216
813,883,60
813,899,132
813,933,120
813,936,36
813,958,156
813,996,24
813,1034,24
820,20,12
820,31,12
820,41,12
820,57,12
820,72,24
820,83,12
820,84,12
820,87,12
820,101,12
820,113,12
820,141,12
820,146,48
820,167,12
820,183,12
820,193,12
820,229,12
820,234,12
820,237,24
820,263,12
820,269,12
820,292,24
820,312,24
820,314,12
820,325,24
820,332,12
820,350,12
820,353,12
820,360,12
820,371,12
820,387,24
820,391,24
820,397,12
820,399,12
820,401,12
820,406,12
820,425,36
820,448,36
820,453,12
820,456,48
820,476,36
820,478,48
820,493,12
820,495,24
820,497,24
820,501,12
820,502,60
820,511,12
820,517,12
820,536,24
820,539,12
820,546,36
820,550,24
820,557,36
820,558,24
820,562,24
820,567,12
820,568,36
820,570,12
820,579,36
820,605,12
820,607,72
820,632,84
820,644,24
820,654,24
820,680,12
820,694,84
820,699,96
820,702,48
820,706,48
820,722,96
820,735,12
820,741,24
820,760,24
820,778,12
820,782,36
820,784,24
820,791,12
820,799,12
820,813,72
820,834,12
820,851,84
820,852,72
820,860,84
820,878,36
820,881,108
820,883,24
820,899,228
820,933,72
820,936,24
820,952,12
820,958,120
820,996,36
820,1034,12
834,20,12
834,31,24
834,57,12
834,72,12
834,87,12
834,101,12
834,113,12
834,141,12
834,146,12
834,183,12
834,187,12
834,193,12
834,229,12
834,234,12
834,237,12
834,263,12
834,269,12
834,292,24
834,312,24
834,325,12
834,347,12
834,353,12
834,360,12
834,371,12
834,375,12
834,387,12
834,391,36
834,397,48
834,399,12
834,401,36
834,406,12
834,448,36
834,453,12
834,476,12
834,493,12
834,495,24
834,497,36
834,501,12
834,502,72
834,511,72
834,536,12
834,539,12
834,546,60
834,550,12
834,558,12
834,562,12
834,567,96
834,568,132
834,570,12
834,579,12
834,644,12
834,680,84
834,699,12
834,702,252
834,706,12
834,735,12
834,741,12
834,760,12
834,778,348
834,782,12
834,784,12
834,791,24
834,799,96
834,813,24
834,820,12
834,851,36
834,852,36
834,878,12
834,881,24
834,883,36
834,899,24
834,933,24
834,936,60
834,952,180
834,958,12
834,996,12
834,1034,192
851,20,24
851,31,12
851,41,12
851,57,12
851,65,12
851,72,12
851,84,12
851,87,24
851,113,12
851,141,12
851,146,24
851,167,24
851,183,12
851,187,12
851,229,12
851,234,12
851,237,12
851,241,12
851,263,12
851,269,12
851,292,24
851,312,60
851,314,12
851,325,24
851,332,24
851,347,12
851,350,12
851,353,24
851,360,24
851,371,12
851,375,12
851,387,24
851,391,12
851,397,36
851,399,24
851,401,36
851,406,12
851,425,36
851,448,12
851,456,24
851,476,24
851,478,36
851,493,24
851,495,36
851,497,36
851,501,48
851,502,144
851,511,48
851,517,24
851,536,12
851,539,12
851,546,72
851,550,12
851,557,24
851,558,24
851,562,12
851,567,36
851,568,156
851,570,12
851,579,36
851,605,12
851,607,48
851,632,12
851,644,84
851,654,48
851,680,108
851,694,36
851,699,84
851,702,48
851,706,48
851,722,72
851,735,72
851,741,120
851,760,72
851,778,72
851,782,192
851,784,108
851,791,96
851,799,24
851,813,120
851,820,60
851,834,24
851,852,204
851,860,60
851,878,48
851,881,132
851,883,120
851,899,192
851,933,156
851,936,36
851,952,12
851,958,216
851,996,48
851,1034,12
852,20,12
852,31,12
852,41,12
852,57,12
852,65,12
852,72,12
852,83,12
852,84,12
852,87,24
852,101,12
852,113,36
852,146,36
852,167,12
852,187,12
852,193,12
852,234,12
852,237,12
852,263,12
852,269,12
852,292,12
852,312,36
852,314,12
852,325,12
852,332,12
852,347,12
852,350,24
852,353,24
852,360,12
852,371,12
852,375,12
852,387,12
852,391,60
852,397,24
852,399,12
852,401,36
852,406,12
852,425,12
852,448,12
852,453,24
852,456,12
852,476,12
852,478,12
852,493,12
852,495,48
852,497,36
852,501,12
852,502,204
852,511,72
852,517,24
852,536,12
852,539,24
852,546,72
852,550,36
852,557,12
852,558,36
852,562,12
852,567,192
852,568,132
852,570,24
852,579,24
852,605,36
852,607,12
852,632,12
852,644,108
852,654,36
852,680,216
852,694,12
852,699,60
852,702,192
852,706,48
852,722,36
852,735,60
852,741,240
852,760,168
852,778,84
852,782,84
852,784,72
852,791,168
852,799,36
852,813,228
852,820,24
852,834,48
852,851,288
852,860,12
852,878,36
852,881,120
852,883,180
852,899,144
852,933,72
852,936,96
852,952,24
852,958,288
852,996,60
852,1034,84
860,31,12
860,83,12
860,84,12
860,87,24
860,113,12
860,141,12
860,146,36
860,183,12
860,187,12
860,193,12
860,234,12
860,263,12
860,292,12
860,312,24
860,314,12
860,325,12
860,347,12
860,353,12
860,371,12
860,375,12
860,387,12
860,391,12
860,397,12
860,399,12
860,401,12
860,406,12
860,448,36
860,453,12
860,476,12
860,478,12
860,493,12
860,495,24
860,497,12
860,501,12
860,502,72
860,511,36
860,517,12
860,536,12
860,539,12
860,546,12
860,550,12
860,557,12
860,558,12
860,562,12
860,567,12
860,568,60
860,570,12
860,579,12
860,605,12
860,607,12
860,632,12
860,644,24
860,654,12
860,680,36
860,694,12
860,699,24
860,702,24
860,706,48
860,722,24
860,735,36
860,741,24
860,760,36
860,778,24
860,782,36
860,784,36
860,791,48
860,799,12
860,813,24
860,820,12
860,834,24
860,851,60
860,852,72
860,881,144
860,883,48
860,899,84
860,933,60
860,936,48
860,958,156
860,996,48
860,1034,24
878,20,12
878,31,24
878,41,36
878,65,12
878,72,12
878,84,12
878,87,24
878,101,12
878,113,12
878,141,12
878,146,24
878,167,12
878,187,12
878,193,12
878,229,12
878,234,12
878,237,12
878,263,12
878,269,12
878,292,12
878,312,48
878,314,12
878,332,12
878,350,24
878,353,12
878,371,24
878,375,12
878,387,12
878,391,12
878,397,12
878,399,12
878,401,12
878,406,12
878,425,48
878,448,12
878,453,12
878,456,48
878,476,24
878,478,12
878,493,12
878,495,12
878,497,12
878,501,12
878,502,24
878,511,12
878,517,12
878,536,12
878,546,12
878,550,12
878,557,24
878,558,24
878,562,12
878,567,48
878,568,24
878,570,12
878,579,36
878,605,12
878,607,36
878,632,12
878,644,36
878,654,12
878,680,12
878,694,24
878,699,12
878,702,48
878,706,12
878,722,48
878,735,60
878,741,48
878,760,12
878,778,36
878,782,24
878,784,48
878,791,12
878,799,12
878,813,60
878,820,48
878,834,12
878,851,36
878,852,36
878,860,12
878,881,84
878,883,36
878,899,108
878,933,12
878,936,24
878,958,72
878,996,24
878,1034,36
881,20,12
881,41,12
881,57,12
881,65,12
881,72,12
881,83,12
881,87,24
881,101,12
881,113,24
881,141,12
881,146,24
881,183,12
881,187,36
881,193,12
881,229,12
881,237,12
881,241,12
881,263,12
881,269,24
881,292,12
881,312,24
881,325,12
881,332,12
881,347,12
881,350,12
881,353,24
881,360,12
881,371,12
881,375,12
881,387,12
881,391,12
881,397,12
881,399,24
881,401,36
881,406,12
881,425,36
881,448,36
881,453,12
881,456,24
881,476,12
881,478,24
881,493,24
881,495,12
881,497,24
881,501,24
881,502,72
881,511,24
881,517,24
881,536,12
881,539,12
881,546,60
881,550,24
881,558,24
881,562,12
881,567,96
881,568,120
881,579,12
881,605,24
881,607,24
881,632,12
881,644,60
881,654,24
881,680,120
881,694,48
881,699,48
881,702,120
881,706,24
881,722,84
881,735,36
881,741,72
881,760,60
881,778,60
881,782,108
881,784,84
881,791,96
881,799,36
881,813,192
881,820,108
881,834,48
881,851,168
881,852,96
881,860,48
881,878,48
881,883,180
881,899,144
881,933,252
881,936,168
881,952,12
881,958,216
881,996,108
881,1034,108
883,20,24
883,41,12
883,65,12
883,72,24
883,84,12
883,87,24
883,101,12
883,113,12
883,141,12
883,146,36
883,167,12
883,183,12
883,234,12
883,237,24
883,241,12
883,263,36
883,269,24
883,292,12
883,312,36
883,314,12
883,325,12
883,332,12
883,353,12
883,360,12
883,371,12
883,375,36
883,387,12
883,391,36
883,397,24
883,399,12
883,401,24
883,425,12
883,448,12
883,453,12
883,456,12
883,476,12
883,478,12
883,493,12
883,497,48
883,501,24
883,502,108
883,511,72
883,517,12
883,546,72
883,550,12
883,557,12
883,558,72
883,567,72
883,568,96
883,570,12
883,605,24
883,607,12
883,632,12
883,644,132
883,654,24
883,680,144
883,694,12
883,699,48
883,702,276
883,706,12
883,722,12
883,735,12
883,741,108
883,760,84
883,778,96
883,782,48
883,784,36
883,791,60
883,799,60
883,813,84
883,820,24
883,834,48
883,851,156
883,852,156
883,860,24
883,878,24
883,881,192
883,899,72
883,933,120
883,936,84
883,952,48
883,958,168
883,996,72
883,1034,168
899,20,12
899,31,12
899,41,12
899,57,12
899,72,12
899,84,12
899,87,12
899,101,12
899,113,12
899,141,12
899,146,24
899,234,12
899,237,12
899,241,12
899,263,12
899,292,12
899,312,48
899,314,24
899,332,12
899,347,24
899,350,12
899,353,12
899,360,12
899,371,12
899,375,12
899,387,24
899,391,24
899,397,12
899,399,24
899,401,12
899,406,24
899,425,24
899,448,12
899,453,12
899,456,12
899,476,12
899,478,12
899,493,12
899,495,24
899,497,48
899,501,12
899,502,72
899,511,36
899,517,12
899,536,12
899,539,12
899,546,12
899,550,12
899,557,12
899,558,12
899,562,12
899,567,48
899,568,72
899,570,12
899,579,12
899,605,12
899,607,24
899,632,24
899,644,12
899,654,12
899,680,72
899,694,36
899,699,36
899,702,48
899,706,12
899,722,96
899,735,24
899,741,48
899,760,36
899,778,12
899,782,72
899,784,36
899,791,60
899,799,24
899,813,72
899,820,24
899,834,12
899,851,144
899,852,96
899,860,12
899,878,60
899,881,168
899,883,24
899,933,84
899,936,72
899,952,24
899,958,132
899,996,72
899,1034,12
933,20,12
933,31,12
933,41,12
933,65,12
933,72,24
933,83,12
933,84,12
933,101,12
933,113,12
933,146,12
933,183,12
933,234,12
933,237,12
933,241,12
933,263,12
933,269,12
933,292,12
933,312,36
933,325,12
933,332,12
933,350,12
933,353,12
933,360,24
933,375,12
933,387,12
933,391,36
933,397,12
933,399,12
933,401,24
933,406,24
933,425,12
933,448,12
933,453,24
933,456,36
933,476,12
933,478,12
933,493,12
933,495,24
933,497,24
933,501,12
933,502,72
933,511,48
933,517,36
933,539,12
933,546,48
933,550,12
933,557,12
933,558,24
933,562,12
933,567,60
933,568,60
933,570,24
933,579,12
933,607,60
933,632,12
933,644,24
933,654,12
933,680,60
933,694,24
933,699,36
933,702,216
933,706,24
933,722,24
933,735,48
933,741,36
933,760,24
933,778,84
933,782,48
933,784,12
933,791,36
933,799,12
933,813,120
933,820,24
933,834,12
933,851,168
933,852,120
933,860,36
933,878,12
933,881,108
933,883,84
933,899,84
933,936,204
933,952,24
933,958,84
933,996,12
933,1034,120
936,31,12
936,41,12
936,65,12
936,84,12
936,87,12
936,101,12
936,113,12
936,141,12
936,146,12
936,187,12
936,193,12
936,234,12
936,241,12
936,263,12
936,269,12
936,312,12
936,314,12
936,325,12
936,332,12
936,347,12
936,350,12
936,375,12
936,387,12
936,399,12
936,401,12
936,406,12
936,448,12
936,453,12
936,456,12
936,478,12
936,493,12
936,495,12
936,502,12
936,511,12
936,539,12
936,546,36
936,550,12
936,558,12
936,567,24
936,568,24
936,579,12
936,605,12
936,607,12
936,632,12
936,644,24
936,680,36
936,694,12
936,699,12
936,702,108
936,706,12
936,722,12
936,735,12
936,760,24
936,778,84
936,782,12
936,784,24
936,791,24
936,799,12
936,813,36
936,820,12
936,834,36
936,851,48
936,852,72
936,860,12
936,878,12
936,881,36
936,883,120
936,899,24
936,933,120
936,952,36
936,958,36
936,996,24
936,1034,120
952,20,12
952,41,12
952,72,12
952,84,12
952,146,12
952,187,12
952,237,12
952,456,12
952,476,12
952,478,12
952,493,12
952,497,12
952,502,12
952,511,12
952,546,12
952,654,12
952,680,12
952,702,36
952,741,12
952,778,24
952,834,72
952,881,12
952,933,24
952,936,36
952,958,12
952,996,12
952,1034,72
958,31,12
958,41,12
958,65,12
958,72,24
958,83,12
958,87,36
958,113,12
958,146,12
958,167,12
958,183,12
958,187,12
958,229,12
958,234,12
958,237,36
958,263,12
958,269,12
958,312,60
958,314,12
958,332,24
958,347,24
958,350,12
958,353,12
958,360,24
958,371,36
958,375,12
958,387,12
958,391,36
958,397,12
958,399,12
958,401,12
958,406,12
958,448,12
958,453,12
958,456,36
958,478,24
958,495,12
958,497,12
958,501,12
958,502,96
958,511,12
958,517,36
958,536,12
958,546,12
958,550,12
958,558,24
958,562,12
958,567,36
958,568,48
958,570,12
958,579,12
958,605,12
958,607,24
958,632,24
958,644,24
958,654,24
958,680,48
958,694,24
958,699,48
958,702,12
958,706,36
958,722,48
958,735,24
958,741,36
958,760,36
958,778,48
958,782,48
958,784,84
958,791,72
958,799,24
958,813,96
958,820,72
958,834,12
958,851,120
958,852,144
958,860,72
958,878,60
958,881,144
958,883,72
958,899,48
958,933,108
958,936,60
958,952,12
958,996,36
958,1034,12
996,41,12
996,65,12
996,84,12
996,87,12
996,101,12
996,146,12
996,167,12
996,187,12
996,193,12
996,234,12
996,237,12
996,312,24
996,314,12
996,325,12
996,332,12
996,347,12
996,371,12
996,387,12
996,391,12
996,397,12
996,406,12
996,425,12
996,448,12
996,453,12
996,456,24
996,476,12
996,478,12
996,493,12
996,495,12
996,497,12
996,502,36
996,511,12
996,517,12
996,536,12
996,546,12
996,550,24
996,557,12
996,558,12
996,562,12
996,567,24
996,568,12
996,607,12
996,644,24
996,654,12
996,699,12
996,702,48
996,706,12
996,722,12
996,735,12
996,741,24
996,760,12
996,778,48
996,782,12
996,784,12
996,791,48
996,799,12
996,813,24
996,820,48
996,834,12
996,851,48
996,852,108
996,860,12
996,878,60
996,881,60
996,883,60
996,899,36
996,933,60
996,936,48
996,952,12
996,958,48
996,1034,12
1034,72,12
1034,113,12
1034,237,12
1034,241,12
1034,269,12
1034,292,12
1034,312,12
1034,314,12
1034,360,12
1034,375,12
1034,387,12
1034,391,12
1034,397,12
1034,401,12
1034,456,12
1034,497,12
1034,501,12
1034,502,12
1034,511,12
1034,517,12
1034,550,12
1034,557,12
1034,567,12
1034,568,24
1034,632,12
1034,680,24
1034,694,12
1034,699,12
1034,702,24
1034,706,12
1034,778,96
1034,791,12
1034,813,36
1034,820,12
1034,834,108
1034,851,24
1034,852,24
1034,878,12
1034,881,36
1034,883,48
1034,899,24
1034,933,60
1034,936,132
1034,952,96
1034,958,12
1034,996,12
